gene_id,gene_name,chr_hg38,PearsonR,MeanObs,StdObs,PrediXcanR,PearsonRfineTuned
ENSG00000001460,STPG1,1,-0.226,3.89,0.248,0.287331,0.093
ENSG00000003249,DBNDD1,16,-0.112,5.7,0.333,,-0.041
ENSG00000004455,AK2,1,-0.091,4.86,0.172,,-0.056
ENSG00000006607,FARP2,2,-0.375,4.61,0.191,0.467026,-0.292
ENSG00000008283,CYB561,17,-0.221,5.15,0.426,0.839141,0.427
ENSG00000008988,RPS20,8,-0.167,7.48,0.189,0.220379,-0.091
ENSG00000009844,VTA1,6,-0.126,4.71,0.214,0.222674,-0.077
ENSG00000011260,UTP18,17,-0.122,3.82,0.218,0.397945,-0.041
ENSG00000012660,ELOVL5,6,-0.146,5.59,0.45,0.19296,0.143
ENSG00000013523,ANGEL1,14,-0.089,5.13,0.182,0.268945,-0.088
ENSG00000014824,SLC30A9,4,-0.119,5.82,0.245,0.227448,-0.113
ENSG00000020256,ZFP64,20,-0.095,2.98,0.24,,0.013
ENSG00000023228,NDUFS1,2,-0.178,7.0,0.204,0.280094,-0.053
ENSG00000023516,AKAP11,13,-0.125,7.34,0.262,0.448666,-0.152
ENSG00000025796,SEC63,6,-0.088,5.78,0.192,,-0.082
ENSG00000031691,CENPQ,6,-0.347,1.47,0.431,0.506392,-0.352
ENSG00000035664,DAPK2,15,-0.102,2.8,0.339,0.284434,-0.019
ENSG00000037637,FBXO42,1,-0.139,4.76,0.171,0.371846,0.164
ENSG00000038002,AGA,4,-0.086,2.17,0.472,0.619445,0.29
ENSG00000041802,LSG1,3,-0.409,4.44,0.209,0.628286,-0.386
ENSG00000042429,MED17,11,-0.187,4.0,0.189,0.386609,0.183
ENSG00000050426,LETMD1,12,-0.1,5.27,0.228,0.225908,0.102
ENSG00000053900,ANAPC4,4,-0.29,4.35,0.258,0.430525,-0.281
ENSG00000055950,MRPL43,10,-0.214,4.37,0.167,0.357984,0.224
ENSG00000056558,TRAF1,9,-0.13,3.66,0.465,0.412358,-0.221
ENSG00000058729,RIOK2,5,-0.109,3.3,0.209,0.338749,-0.035
ENSG00000063438,AHRR,5,-0.087,1.51,0.643,0.448353,-0.236
ENSG00000063854,HAGH,16,-0.172,5.8,0.243,0.305797,0.243
ENSG00000063978,RNF4,4,-0.146,5.03,0.159,0.332341,-0.007
ENSG00000064199,SPA17,11,-0.237,2.09,0.314,0.287615,-0.17
ENSG00000064999,ANKS1A,6,-0.108,5.3,0.237,0.36024,-0.038
ENSG00000065060,UHRF1BP1,6,-0.46,4.08,0.2,0.508311,0.445
ENSG00000065427,KARS,16,-0.085,5.26,0.168,,0.07
ENSG00000065600,TMEM206,1,-0.109,3.07,0.373,0.203902,-0.075
ENSG00000066056,TIE1,1,-0.107,3.82,0.506,,0.177
ENSG00000066654,THUMPD1,16,-0.226,5.05,0.156,0.222623,-0.162
ENSG00000066923,STAG3,7,-0.096,2.94,0.357,0.23217,-0.093
ENSG00000071462,BUD23,7,-0.148,4.65,0.174,0.227607,-0.019
ENSG00000071794,HLTF,3,-0.145,4.79,0.285,0.320445,-0.1
ENSG00000071894,CPSF1,8,-0.323,5.58,0.419,0.679658,-0.244
ENSG00000071994,PDCD2,6,-0.128,4.01,0.155,0.174708,0.107
ENSG00000074219,TEAD2,19,-0.217,1.75,0.625,0.394335,-0.075
ENSG00000074755,ZZEF1,17,-0.102,5.77,0.165,,-0.079
ENSG00000075399,VPS9D1,16,-0.141,5.14,0.313,0.404395,-0.155
ENSG00000078699,CBFA2T2,20,-0.111,5.45,0.169,,-0.068
ENSG00000079332,SAR1A,10,-0.094,6.07,0.171,0.280078,-0.109
ENSG00000080200,CRYBG3,3,-0.153,3.73,0.488,0.239907,-0.159
ENSG00000080345,RIF1,2,-0.151,5.96,0.183,0.297446,0.257
ENSG00000082258,CCNT2,2,-0.162,5.0,0.187,,-0.161
ENSG00000083535,PIBF1,13,-0.263,3.03,0.248,0.366596,0.076
ENSG00000083807,SLC27A5,19,-0.115,3.48,0.242,,0.177
ENSG00000085514,PILRA,7,-0.546,1.98,0.521,0.603317,0.413
ENSG00000086205,FOLH1,11,-0.095,3.05,0.767,,-0.103
ENSG00000086504,MRPL28,16,-0.088,5.05,0.292,0.269903,-0.148
ENSG00000087191,PSMC5,17,-0.207,6.58,0.194,0.208363,-0.206
ENSG00000087338,GMCL1,2,-0.224,3.88,0.241,0.256531,-0.26
ENSG00000089335,ZNF302,19,-0.178,5.42,0.203,0.453226,0.017
ENSG00000090487,SPG21,15,-0.249,4.84,0.182,0.422549,-0.303
ENSG00000091490,SEL1L3,4,-0.138,3.84,0.401,0.197922,-0.091
ENSG00000092036,HAUS4,14,-0.229,2.77,0.373,0.406556,0.276
ENSG00000093000,NUP50,22,-0.118,5.0,0.152,0.296964,-0.155
ENSG00000095564,BTAF1,10,-0.184,4.44,0.303,,-0.19
ENSG00000095794,CREM,10,-0.113,4.01,0.302,,0.097
ENSG00000100106,TRIOBP,22,-0.102,3.79,0.323,,0.086
ENSG00000100299,ARSA,22,-0.23,3.96,0.349,0.500465,-0.148
ENSG00000100364,KIAA0930,22,-0.086,8.0,0.343,0.123976,-0.118
ENSG00000100441,KHNYN,14,-0.146,4.84,0.293,0.421551,-0.245
ENSG00000100577,GSTZ1,14,-0.188,2.96,0.48,0.4044,-0.14
ENSG00000100580,TMED8,14,-0.173,5.53,0.166,0.279013,-0.137
ENSG00000100612,DHRS7,14,-0.134,4.8,0.235,0.301575,0.087
ENSG00000100628,ASB2,14,-0.092,2.47,0.641,0.249373,-0.124
ENSG00000100997,ABHD12,20,-0.278,6.12,0.24,0.54001,0.331
ENSG00000101290,CDS2,20,-0.14,7.21,0.153,0.185568,-0.124
ENSG00000103202,NME4,16,-0.13,4.61,0.287,0.23483,-0.195
ENSG00000103642,LACTB,15,-0.135,2.9,0.235,0.347629,-0.195
ENSG00000103852,TTC23,15,-0.207,2.8,0.304,0.3503,-0.197
ENSG00000104774,MAN2B1,19,-0.099,3.53,0.337,,0.008
ENSG00000105127,AKAP8,19,-0.186,4.22,0.222,0.451757,0.07
ENSG00000105136,ZNF419,19,-0.321,3.86,0.243,0.470332,-0.191
ENSG00000105808,RASA4,7,-0.094,5.51,0.452,,-0.04
ENSG00000105875,WDR91,7,-0.108,4.15,0.231,,0.033
ENSG00000107099,DOCK8,9,-0.089,2.28,0.73,0.191765,-0.05
ENSG00000107521,HPS1,10,-0.164,4.91,0.214,0.385009,-0.148
ENSG00000107611,CUBN,10,-0.092,1.62,0.495,,-0.037
ENSG00000108379,WNT3,17,-0.197,3.13,0.581,0.802315,-0.082
ENSG00000108406,DHX40,17,-0.087,4.36,0.184,,-0.038
ENSG00000108592,FTSJ3,17,-0.543,4.43,0.25,0.691818,-0.569
ENSG00000109180,OCIAD1,4,-0.103,6.68,0.219,0.222015,-0.086
ENSG00000109534,GAR1,4,-0.315,2.46,0.275,0.373923,-0.158
ENSG00000109956,B3GAT1,11,-0.093,7.68,0.232,0.237893,-0.082
ENSG00000110074,FOXRED1,11,-0.291,5.03,0.24,0.536924,-0.092
ENSG00000110881,ASIC1,12,-0.123,5.04,0.272,0.029184,-0.0
ENSG00000110906,KCTD10,12,-0.103,4.93,0.172,,0.198
ENSG00000113593,PPWD1,5,-0.152,3.78,0.261,0.186575,-0.143
ENSG00000113597,TRAPPC13,5,-0.132,4.03,0.256,,-0.047
ENSG00000113812,ACTR8,3,-0.222,3.73,0.187,0.207704,0.324
ENSG00000114021,NIT2,3,-0.148,4.34,0.231,0.546343,-0.309
ENSG00000116132,PRRX1,1,-0.236,3.76,0.482,0.43292,-0.147
ENSG00000117899,MESD,15,-0.167,4.67,0.162,0.285872,0.125
ENSG00000118096,IFT46,11,-0.311,4.34,0.183,0.434936,-0.354
ENSG00000118322,ATP10B,5,-0.105,3.06,0.556,0.6027,-0.059
ENSG00000118579,MED28,4,-0.131,6.22,0.133,-0.170282,0.082
ENSG00000118690,ARMC2,6,-0.1,2.04,0.362,0.146898,-0.161
ENSG00000118804,STBD1,4,-0.138,1.5,0.555,0.10763,0.067
ENSG00000118939,UCHL3,13,-0.162,2.54,0.3,0.303305,-0.163
ENSG00000118997,DNAH7,2,-0.222,3.65,0.594,0.359533,-0.06
ENSG00000119321,FKBP15,9,-0.101,4.91,0.154,-0.155039,-0.116
ENSG00000119537,KDSR,18,-0.103,5.24,0.227,,-0.089
ENSG00000120341,SEC16B,1,-0.15,2.79,0.448,,-0.123
ENSG00000120675,DNAJC15,13,-0.68,5.17,0.28,0.820526,-0.556
ENSG00000121350,PYROXD1,12,-0.093,3.41,0.289,0.43394,-0.206
ENSG00000121716,PILRB,7,-0.293,5.02,0.604,0.76421,-0.162
ENSG00000122512,PMS2,7,-0.134,3.82,0.299,0.264002,-0.161
ENSG00000122692,SMU1,9,-0.128,5.52,0.144,,-0.149
ENSG00000122873,CISD1,10,-0.104,4.56,0.302,,-0.109
ENSG00000123297,TSFM,12,-0.385,3.92,0.2,0.371718,-0.313
ENSG00000123453,SARDH,9,-0.183,2.09,0.587,0.618832,0.02
ENSG00000123643,SLC36A1,5,-0.086,4.16,0.392,0.271696,-0.041
ENSG00000123739,PLA2G12A,4,-0.091,4.89,0.196,0.314278,0.194
ENSG00000124164,VAPB,20,-0.127,6.53,0.182,0.39645,-0.127
ENSG00000124380,SNRNP27,2,-0.318,4.68,0.227,0.35068,-0.23
ENSG00000124508,BTN2A2,6,-0.204,1.79,0.46,0.182933,-0.142
ENSG00000124523,SIRT5,6,-0.206,4.59,0.187,0.277829,0.111
ENSG00000125388,GRK4,4,-0.246,3.23,0.227,0.29632,-0.154
ENSG00000125430,HS3ST3B1,17,-0.096,1.13,1.057,0.162173,-0.058
ENSG00000125445,MRPS7,17,-0.161,4.65,0.177,0.246001,-0.172
ENSG00000125734,GPR108,19,-0.27,4.61,0.237,0.704455,-0.268
ENSG00000125818,PSMF1,20,-0.097,5.65,0.139,0.248612,-0.124
ENSG00000125871,MGME1,20,-0.151,2.15,0.348,,0.036
ENSG00000125885,MCM8,20,-0.211,2.4,0.331,0.380703,-0.135
ENSG00000125895,TMEM74B,20,-0.235,3.45,0.376,,-0.223
ENSG00000126432,PRDX5,11,-0.097,6.91,0.249,0.210665,-0.078
ENSG00000126870,WDR60,7,-0.264,5.18,0.24,0.465509,0.11
ENSG00000126934,MAP2K2,19,-0.102,6.13,0.274,,0.209
ENSG00000128059,PPAT,4,-0.141,3.39,0.263,,-0.131
ENSG00000128185,DGCR6L,22,-0.159,4.82,0.295,0.248008,-0.099
ENSG00000128791,TWSG1,18,-0.093,3.78,0.31,0.236496,-0.114
ENSG00000129055,ANAPC13,3,-0.282,4.72,0.22,0.319798,-0.29
ENSG00000129467,ADCY4,14,-0.193,2.52,0.572,,-0.198
ENSG00000130177,CDC16,13,-0.089,5.17,0.169,,-0.053
ENSG00000130347,RTN4IP1,6,-0.129,2.19,0.32,,-0.103
ENSG00000130518,KIAA1683,19,-0.121,1.62,0.662,0.4515,-0.161
ENSG00000130653,PNPLA7,9,-0.091,4.72,0.473,0.512648,0.086
ENSG00000130717,UCK1,9,-0.102,4.99,0.215,,0.008
ENSG00000131018,SYNE1,6,-0.108,8.21,0.193,0.171521,-0.006
ENSG00000131023,LATS1,6,-0.103,4.67,0.205,,-0.089
ENSG00000131069,ACSS2,20,-0.088,4.65,0.216,,-0.13
ENSG00000131435,PDLIM4,5,-0.124,2.74,0.634,0.423856,-0.079
ENSG00000131558,EXOC4,7,-0.093,5.49,0.148,0.352388,-0.038
ENSG00000131966,ACTR10,14,-0.103,4.96,0.278,0.139738,-0.049
ENSG00000132294,EFR3A,8,-0.113,6.62,0.27,0.303492,0.007
ENSG00000132406,TMEM128,4,-0.183,3.08,0.387,0.245846,-0.05
ENSG00000132436,FIGNL1,7,-0.154,2.83,0.288,0.54787,-0.01
ENSG00000132612,VPS4A,16,-0.118,6.64,0.162,0.183821,0.012
ENSG00000133028,SCO1,17,-0.215,4.81,0.216,0.298426,0.235
ENSG00000133433,GSTT2B,22,-0.665,3.01,0.902,0.796565,-0.551
ENSG00000133983,COX16,14,-0.168,3.88,0.224,0.439198,0.204
ENSG00000134070,IRAK2,3,-0.123,2.24,0.456,0.216459,-0.114
ENSG00000134202,GSTM3,1,-0.492,6.47,0.475,0.833203,-0.536
ENSG00000134291,TMEM106C,12,-0.138,3.9,0.245,0.280293,-0.112
ENSG00000134697,GNL2,1,-0.188,3.92,0.199,,-0.181
ENSG00000134815,DHX34,19,-0.088,4.0,0.359,0.308254,-0.023
ENSG00000135702,CHST5,16,-0.088,1.3,0.461,0.164529,0.095
ENSG00000135968,GCC2,2,-0.142,6.51,0.236,,0.076
ENSG00000136059,VILL,3,-0.36,3.27,0.386,0.512541,-0.372
ENSG00000136104,RNASEH2B,13,-0.483,3.73,0.288,0.655297,-0.522
ENSG00000136108,CKAP2,13,-0.357,3.31,0.299,0.568827,0.033
ENSG00000136270,TBRG4,7,-0.11,4.28,0.206,0.340245,0.092
ENSG00000136371,MTHFS,15,-0.182,1.92,0.363,0.291881,-0.153
ENSG00000136457,CHAD,17,-0.222,1.64,0.686,0.542375,-0.19
ENSG00000136810,TXN,9,-0.086,5.12,0.294,0.355366,-0.092
ENSG00000136811,ODF2,9,-0.235,4.43,0.216,0.294911,-0.241
ENSG00000136856,SLC2A8,9,-0.1,3.51,0.293,0.506933,-0.135
ENSG00000137267,TUBB2A,6,-0.094,7.83,0.449,0.24452,-0.085
ENSG00000137269,LRRC1,6,-0.109,2.97,0.421,0.124276,-0.089
ENSG00000138030,KHK,2,-0.106,3.22,0.27,,0.156
ENSG00000138071,ACTR2,2,-0.168,7.02,0.26,,-0.132
ENSG00000138769,CDKL2,4,-0.126,2.83,0.396,0.186283,-0.102
ENSG00000139514,SLC7A1,13,-0.106,5.81,0.308,,0.065
ENSG00000139620,KANSL2,12,-0.244,3.21,0.221,,0.11
ENSG00000141854,MISP3,19,-0.145,3.46,0.293,0.352958,-0.007
ENSG00000141933,TPGS1,19,-0.107,3.02,0.532,,-0.092
ENSG00000141994,DUS3L,19,-0.195,2.87,0.367,0.409638,-0.241
ENSG00000142102,PGGHG,11,-0.219,3.2,0.746,0.652817,0.219
ENSG00000142156,COL6A1,21,-0.101,6.2,0.407,0.453698,0.111
ENSG00000143502,SUSD4,1,-0.23,4.92,0.342,0.488874,-0.245
ENSG00000143891,GALM,2,-0.323,2.22,0.439,0.637649,-0.305
ENSG00000143919,CAMKMT,2,-0.095,2.51,0.336,,-0.04
ENSG00000144152,FBLN7,2,-0.158,2.61,0.646,0.313292,-0.191
ENSG00000144306,SCRN3,2,-0.142,3.68,0.236,,-0.149
ENSG00000144647,POMGNT2,3,-0.169,4.86,0.242,0.332976,0.239
ENSG00000145736,GTF2H2,5,-0.263,3.16,0.626,0.522167,-0.396
ENSG00000146411,SLC2A12,6,-0.11,2.94,0.454,,0.039
ENSG00000146674,IGFBP3,7,-0.197,3.87,0.721,,-0.009
ENSG00000147316,MCPH1,8,-0.139,3.92,0.156,,-0.199
ENSG00000147421,HMBOX1,8,-0.161,4.63,0.365,,0.123
ENSG00000147576,ADHFE1,8,-0.244,3.5,0.596,0.532715,-0.213
ENSG00000147853,AK3,9,-0.138,5.51,0.348,,-0.113
ENSG00000148300,REXO4,9,-0.144,4.28,0.298,0.312245,0.099
ENSG00000148468,FAM171A1,10,-0.221,6.73,0.219,,-0.198
ENSG00000149600,COMMD7,20,-0.209,4.86,0.184,0.259345,0.178
ENSG00000151348,EXT2,11,-0.282,4.55,0.171,0.255487,-0.301
ENSG00000151657,KIN,10,-0.146,3.33,0.195,,0.106
ENSG00000151689,INPP1,2,-0.247,4.54,0.241,0.310623,-0.247
ENSG00000151694,ADAM17,2,-0.14,3.84,0.288,-0.120932,-0.153
ENSG00000151917,BEND6,6,-0.165,5.02,0.322,0.521133,-0.356
ENSG00000152749,GPR180,13,-0.21,4.18,0.238,,-0.189
ENSG00000153495,TEX29,13,-0.12,1.37,0.645,0.590267,0.116
ENSG00000154319,FAM167A,8,-0.151,4.82,0.509,0.20905,0.012
ENSG00000154479,CCDC173,2,-0.351,1.87,0.519,0.52698,0.491
ENSG00000154803,FLCN,17,-0.219,6.21,0.361,0.260859,-0.188
ENSG00000154898,CCDC144CP,17,-0.185,3.43,0.551,,0.116
ENSG00000154978,VOPP1,7,-0.215,5.83,0.178,,0.013
ENSG00000155085,AK9,6,-0.205,3.35,0.267,0.484804,-0.122
ENSG00000155090,KLF10,8,-0.102,3.02,0.531,,0.034
ENSG00000155393,HEATR3,16,-0.267,3.17,0.257,0.500658,-0.424
ENSG00000155660,PDIA4,7,-0.219,4.24,0.391,0.35786,-0.233
ENSG00000156381,ANKRD9,14,-0.174,5.6,0.377,0.370732,-0.138
ENSG00000156876,SASS6,1,-0.112,1.57,0.324,0.102253,-0.062
ENSG00000157150,TIMP4,3,-0.163,1.64,0.436,0.159462,-0.137
ENSG00000157181,C1orf27,1,-0.094,4.02,0.293,,0.043
ENSG00000157379,DHRS1,14,-0.305,3.17,0.328,0.646462,-0.363
ENSG00000157637,SLC38A10,17,-0.208,4.88,0.308,0.279385,0.109
ENSG00000157693,TMEM268,9,-0.173,5.57,0.286,0.197027,-0.057
ENSG00000157837,SPPL3,12,-0.167,5.33,0.157,0.285245,0.382
ENSG00000157870,FAM213B,1,-0.197,5.48,0.265,0.230514,-0.062
ENSG00000157895,C12orf43,12,-0.099,4.76,0.209,0.370155,-0.197
ENSG00000158234,FAIM,3,-0.238,2.49,0.268,0.399892,-0.214
ENSG00000159063,ALG8,11,-0.329,3.25,0.207,0.35482,0.338
ENSG00000159199,ATP5G1,17,-0.091,4.69,0.302,0.324093,-0.116
ENSG00000159202,UBE2Z,17,-0.32,5.68,0.184,,0.109
ENSG00000159674,SPON2,4,-0.297,1.85,0.819,0.344587,-0.263
ENSG00000160282,FTCD,21,-0.235,1.92,0.805,0.57093,-0.276
ENSG00000160606,TLCD1,17,-0.087,1.58,0.685,,-0.022
ENSG00000160710,ADAR,1,-0.123,7.49,0.15,,-0.075
ENSG00000161551,ZNF577,19,-0.252,3.52,0.363,0.499903,0.256
ENSG00000161618,ALDH16A1,19,-0.144,2.4,0.419,0.470719,-0.384
ENSG00000161638,ITGA5,12,-0.147,3.01,0.645,,-0.089
ENSG00000162377,COA7,1,-0.091,3.97,0.273,0.256036,-0.115
ENSG00000162378,ZYG11B,1,-0.117,6.26,0.26,0.327673,-0.09
ENSG00000162869,PPP1R21,2,-0.188,5.06,0.189,0.368548,-0.276
ENSG00000163161,ERCC3,2,-0.122,5.16,0.173,0.332565,-0.014
ENSG00000163281,GNPDA2,4,-0.172,4.38,0.227,0.441862,-0.003
ENSG00000163291,PAQR3,4,-0.118,4.54,0.284,0.210192,-0.036
ENSG00000163528,CHCHD4,3,-0.155,3.32,0.26,,-0.15
ENSG00000163682,RPL9,4,-0.179,7.87,0.296,0.619576,0.23
ENSG00000163702,IL17RC,3,-0.172,3.99,0.358,0.289087,-0.1
ENSG00000163879,DNALI1,1,-0.2,3.67,0.359,0.5267,-0.059
ENSG00000163913,IFT122,3,-0.189,4.96,0.258,0.434891,0.037
ENSG00000164347,GFM2,5,-0.323,4.12,0.23,0.477132,0.071
ENSG00000164414,SLC35A1,6,-0.396,3.8,0.301,,-0.388
ENSG00000164597,COG5,7,-0.242,4.4,0.195,,-0.222
ENSG00000164880,INTS1,7,-0.25,6.22,0.373,0.596478,0.239
ENSG00000164904,ALDH7A1,5,-0.251,6.29,0.441,,-0.272
ENSG00000165379,LRFN5,14,-0.099,4.94,0.345,-0.091797,-0.101
ENSG00000165733,BMS1,10,-0.22,5.16,0.161,0.359429,0.178
ENSG00000166025,AMOTL1,11,-0.095,4.51,0.229,,-0.072
ENSG00000166275,BORCS7,10,-0.293,4.48,0.268,0.666821,-0.158
ENSG00000166394,CYB5R2,11,-0.116,2.4,0.579,,-0.035
ENSG00000166750,SLFN5,17,-0.199,3.19,0.413,0.444913,0.229
ENSG00000167272,POP5,12,-0.157,3.17,0.252,0.439494,-0.085
ENSG00000167325,RRM1,11,-0.128,3.73,0.24,0.420041,-0.247
ENSG00000167528,ZNF641,12,-0.204,4.51,0.235,,-0.225
ENSG00000168228,ZCCHC4,4,-0.131,1.93,0.282,,0.023
ENSG00000169884,WNT10B,12,-0.205,3.77,0.381,0.332291,-0.214
ENSG00000170632,ARMC10,7,-0.143,4.49,0.196,0.280416,-0.126
ENSG00000170786,SDR16C5,8,-0.116,1.83,0.548,0.119887,-0.074
ENSG00000170915,PAQR8,6,-0.184,6.77,0.412,0.39786,-0.108
ENSG00000170949,ZNF160,19,-0.121,4.62,0.223,,-0.16
ENSG00000171067,C11orf24,11,-0.101,3.1,0.257,,-0.116
ENSG00000171103,TRMT61B,2,-0.1,2.74,0.253,0.440507,-0.377
ENSG00000171130,ATP6V0E2,7,-0.162,7.32,0.338,0.534506,-0.08
ENSG00000171160,MORN4,10,-0.31,4.63,0.232,0.605311,-0.444
ENSG00000171502,COL24A1,1,-0.106,3.37,0.716,,0.035
ENSG00000171714,ANO5,11,-0.118,4.67,0.275,,-0.235
ENSG00000171759,PAH,12,-0.109,1.62,0.564,0.586238,-0.026
ENSG00000171772,SYCE1,10,-0.26,2.83,0.638,0.388331,-0.054
ENSG00000172167,MTBP,8,-0.112,1.44,0.512,0.374835,-0.166
ENSG00000172175,MALT1,18,-0.22,3.92,0.245,,-0.199
ENSG00000172269,DPAGT1,11,-0.093,3.85,0.229,,0.087
ENSG00000172500,FIBP,11,-0.178,5.2,0.283,0.338582,-0.098
ENSG00000172728,FUT10,8,-0.203,2.53,0.489,0.201445,0.205
ENSG00000172785,CBWD1,9,-0.388,3.61,0.352,0.436599,-0.304
ENSG00000173210,ABLIM3,5,-0.192,4.98,0.256,0.572851,-0.189
ENSG00000173214,MFSD4B,6,-0.155,3.03,0.276,,-0.056
ENSG00000173705,SUSD5,3,-0.14,3.78,0.317,0.356946,-0.082
ENSG00000173715,C11orf80,11,-0.252,3.19,0.363,0.418483,0.008
ENSG00000174080,CTSF,11,-0.099,6.34,0.227,0.13612,0.081
ENSG00000174165,ZDHHC24,11,-0.265,4.0,0.2,0.3487,-0.275
ENSG00000174720,LARP7,4,-0.16,5.0,0.249,,-0.168
ENSG00000174775,HRAS,11,-0.2,5.04,0.29,0.466932,-0.203
ENSG00000175279,CENPS,1,-0.123,1.89,0.295,7e-05,-0.156
ENSG00000175309,PHYKPL,5,-0.102,4.01,0.291,,0.023
ENSG00000175611,LINC00476,9,-0.198,2.33,0.279,,0.165
ENSG00000175701,LINC00116,2,-0.26,3.16,0.432,0.301098,-0.239
ENSG00000177595,PIDD1,11,-0.121,4.07,0.563,0.259883,-0.108
ENSG00000177663,IL17RA,22,-0.113,4.1,0.35,0.321672,-0.206
ENSG00000177683,THAP5,7,-0.091,4.47,0.227,0.147111,-0.064
ENSG00000179344,HLA-DQB1,6,-0.218,1.39,1.975,0.768274,0.355
ENSG00000179399,GPC5,13,-0.099,3.31,0.567,0.318619,-0.11
ENSG00000180104,EXOC3,5,-0.324,5.66,0.22,0.525453,0.104
ENSG00000180777,ANKRD30B,18,-0.088,1.77,0.732,0.073533,0.063
ENSG00000181523,SGSH,17,-0.157,3.62,0.404,,-0.088
ENSG00000181817,LSM10,1,-0.101,3.59,0.267,0.317787,-0.126
ENSG00000182149,IST1,16,-0.196,6.1,0.153,0.201742,-0.205
ENSG00000182165,TP53TG1,7,-0.131,1.71,0.281,0.156425,0.082
ENSG00000182362,YBEY,21,-0.426,2.21,0.411,0.603492,-0.405
ENSG00000182670,TTC3,21,-0.138,8.42,0.189,0.342748,-0.185
ENSG00000182923,CEP63,3,-0.18,4.51,0.157,0.199094,-0.197
ENSG00000183604,SMG1P5,16,-0.276,3.2,0.507,,-0.283
ENSG00000183605,SFXN4,10,-0.132,3.32,0.256,0.539299,-0.226
ENSG00000183891,TTC32,2,-0.29,1.49,0.437,0.526177,-0.253
ENSG00000184277,TM2D3,15,-0.163,5.38,0.238,0.282303,0.149
ENSG00000184313,MROH7,1,-0.087,3.69,0.617,0.326503,-0.069
ENSG00000184381,PLA2G6,22,-0.127,4.59,0.279,,0.131
ENSG00000184983,NDUFA6,22,-0.119,5.19,0.207,0.501836,-0.003
ENSG00000185015,CA13,8,-0.265,1.79,0.373,0.353453,-0.231
ENSG00000185019,UBOX5,20,-0.095,3.57,0.257,0.317781,0.202
ENSG00000185250,PPIL6,6,-0.197,2.5,0.304,0.109839,-0.156
ENSG00000185324,CDK10,16,-0.212,5.46,0.358,0.435475,0.061
ENSG00000185585,OLFML2A,9,-0.097,2.04,0.603,0.166335,0.01
ENSG00000185658,BRWD1,21,-0.091,6.56,0.2,,0.059
ENSG00000185904,LINC00839,10,-0.306,2.26,0.48,0.538465,-0.422
ENSG00000185988,PLK5,19,-0.088,1.66,0.62,,-0.054
ENSG00000186532,SMYD4,17,-0.113,3.73,0.166,-0.048437,0.019
ENSG00000186908,ZDHHC17,12,-0.154,5.78,0.216,-0.130672,0.16
ENSG00000186960,LINC01551,14,-0.125,1.94,0.409,,-0.186
ENSG00000187049,TMEM216,11,-0.247,2.75,0.304,0.367217,-0.137
ENSG00000187608,ISG15,1,-0.089,2.67,0.771,,-0.1
ENSG00000187741,FANCA,16,-0.137,1.9,0.387,0.106798,-0.15
ENSG00000188002,AC026412.1,5,-0.246,2.57,0.508,,-0.207
ENSG00000189077,TMEM120A,7,-0.094,4.16,0.212,,-0.099
ENSG00000189171,S100A13,1,-0.271,5.53,0.453,0.665527,-0.328
ENSG00000189298,ZKSCAN3,6,-0.178,2.0,0.343,0.394408,-0.062
ENSG00000196235,SUPT5H,19,-0.175,7.0,0.193,0.338363,-0.177
ENSG00000196263,ZNF471,19,-0.111,4.2,0.298,0.393788,0.035
ENSG00000196268,ZNF493,19,-0.328,4.07,0.274,0.449359,-0.331
ENSG00000196275,GTF2IRD2,7,-0.125,3.26,0.42,0.11815,-0.094
ENSG00000196295,AC005154.1,7,-0.353,5.16,0.367,,-0.08
ENSG00000196458,ZNF605,12,-0.141,4.92,0.271,0.318044,-0.126
ENSG00000196655,TRAPPC4,11,-0.294,4.15,0.229,0.587758,-0.076
ENSG00000196670,ZFP62,5,-0.148,3.93,0.211,0.173042,0.111
ENSG00000196704,AMZ2,17,-0.178,5.79,0.22,,0.011
ENSG00000196793,ZNF239,10,-0.144,1.65,0.367,0.167994,-0.12
ENSG00000196922,ZNF252P,8,-0.138,4.42,0.294,,-0.274
ENSG00000197345,MRPL21,11,-0.433,4.01,0.308,0.802936,-0.009
ENSG00000198075,SULT1C4,2,-0.096,1.94,0.652,0.22621,-0.131
ENSG00000198089,SFI1,22,-0.102,4.7,0.343,0.271636,-0.169
ENSG00000198105,ZNF248,10,-0.103,5.12,0.209,0.031005,-0.038
ENSG00000198189,HSD17B11,4,-0.115,3.69,0.312,,-0.04
ENSG00000198315,ZKSCAN8,6,-0.164,4.47,0.247,0.306197,0.182
ENSG00000198890,PRMT6,1,-0.222,2.78,0.299,0.362702,0.26
ENSG00000204351,SKIV2L,6,-0.159,5.03,0.245,0.481864,-0.12
ENSG00000204514,ZNF814,19,-0.219,4.8,0.253,0.418575,-0.199
ENSG00000204588,LINC01123,2,-0.148,4.2,0.588,0.302859,-0.145
ENSG00000204604,ZNF468,19,-0.091,2.13,0.317,,-0.081
ENSG00000204934,ATP6V0E2-AS1,7,-0.2,1.98,0.356,,-0.205
ENSG00000204956,PCDHGA1,5,-0.134,1.83,0.393,0.179691,-0.159
ENSG00000205035,AC136759.1,11,-0.15,2.05,0.532,,0.02
ENSG00000205485,AC004980.1,7,-0.143,2.35,0.376,,-0.218
ENSG00000205593,DENND6B,22,-0.116,5.4,0.329,0.241589,0.154
ENSG00000205808,PLPP6,9,-0.091,2.58,0.29,,0.05
ENSG00000212694,LINC01089,12,-0.089,3.98,0.417,0.369756,-0.177
ENSG00000213246,SUPT4H1,17,-0.101,4.93,0.181,0.505573,0.238
ENSG00000213639,PPP1CB,2,-0.14,7.34,0.223,0.302386,0.139
ENSG00000213965,NUDT19,19,-0.245,2.45,0.239,,-0.099
ENSG00000213995,NAXD,13,-0.088,5.38,0.177,0.224854,-0.08
ENSG00000214022,REPIN1,7,-0.137,5.87,0.233,,-0.137
ENSG00000214087,ARL16,17,-0.429,3.85,0.27,0.604691,-0.103
ENSG00000214135,AC132008.2,3,-0.126,3.32,0.242,,-0.062
ENSG00000214290,COLCA2,11,-0.107,1.44,0.49,0.121966,-0.11
ENSG00000214376,VSTM5,11,-0.136,2.04,0.486,0.239468,-0.183
ENSG00000214402,LCNL1,9,-0.237,4.54,0.75,0.336876,-0.228
ENSG00000214425,LRRC37A4P,17,-0.417,2.87,1.448,,0.452
ENSG00000214575,CPEB1,15,-0.085,4.77,0.223,,0.245
ENSG00000215012,RTL10,22,-0.185,4.93,0.267,0.383361,-0.203
ENSG00000215251,FASTKD5,20,-0.18,3.59,0.281,,-0.136
ENSG00000215440,NPEPL1,20,-0.086,4.61,0.494,0.320351,-0.081
ENSG00000215559,ANKRD20A11P,21,-0.442,0.46,1.618,,-0.454
ENSG00000215712,TMEM242,6,-0.087,4.29,0.213,0.357376,0.051
ENSG00000222009,BTBD19,1,-0.103,1.4,0.472,,-0.073
ENSG00000225872,LINC01529,19,-0.133,1.51,0.549,,-0.056
ENSG00000227449,FGF7P6,9,-0.09,1.22,1.726,,-0.005
ENSG00000231160,KLF3-AS1,4,-0.093,2.02,0.434,,-0.126
ENSG00000233930,KRTAP5-AS1,11,-0.503,1.64,0.876,,0.374
ENSG00000234177,LINC01114,2,-0.231,1.72,0.461,0.538826,0.016
ENSG00000235652,AL356599.1,6,-0.093,3.22,0.265,,0.029
ENSG00000235944,ZNF815P,7,-0.144,2.3,0.43,,0.139
ENSG00000237438,CECR7,22,-0.315,1.75,0.762,,0.125
ENSG00000237440,ZNF737,19,-0.103,2.67,0.321,0.303529,-0.059
ENSG00000237651,C2orf74,2,-0.789,4.08,0.393,0.877684,-0.766
ENSG00000239883,PARGP1,10,-0.088,1.38,0.459,,-0.132
ENSG00000240024,LINC00888,3,-0.203,3.03,0.262,,-0.229
ENSG00000240053,LY6G5B,6,-0.137,2.8,0.606,0.207254,0.006
ENSG00000240370,RPL13P5,12,-0.184,2.34,0.305,,-0.216
ENSG00000241258,CRCP,7,-0.105,4.9,0.177,0.252094,-0.042
ENSG00000243302,AC018638.4,7,-0.141,2.13,0.507,,-0.127
ENSG00000243667,WDR92,2,-0.142,2.9,0.235,0.154978,-0.126
ENSG00000243678,NME2,17,-0.134,6.15,0.219,0.378984,0.037
ENSG00000243708,PLA2G4B,15,-0.165,3.55,0.613,0.459174,-0.158
ENSG00000243725,TTC4,1,-0.101,4.24,0.204,0.041127,-0.068
ENSG00000243753,HLA-L,6,-0.129,2.08,0.467,,-0.152
ENSG00000243789,JMJD7,15,-0.325,2.27,0.41,,0.121
ENSG00000244560,AC004890.2,7,-0.105,2.82,0.58,,-0.125
ENSG00000245958,AC093752.1,4,-0.488,3.15,0.347,,-0.5
ENSG00000247271,ZBED5-AS1,11,-0.096,1.86,0.351,,0.028
ENSG00000247400,DNAJC3-AS1,13,-0.166,2.18,0.35,0.19759,-0.09
ENSG00000248019,FAM13A-AS1,4,-0.138,2.67,0.427,,0.08
ENSG00000248124,RRN3P1,16,-0.162,2.87,0.382,,0.199
ENSG00000249087,ZNF436-AS1,1,-0.095,2.86,0.383,,-0.118
ENSG00000249839,AC011330.1,15,-0.092,0.18,1.822,,0.233
ENSG00000250462,LRRC37BP1,17,-0.128,3.73,0.186,,0.273
ENSG00000250686,AL049544.1,6,-0.103,0.79,0.682,,-0.058
ENSG00000254004,ZNF260,19,-0.183,3.78,0.248,0.180313,-0.106
ENSG00000254685,FPGT,1,-0.239,2.34,0.348,0.263188,-0.24
ENSG00000256043,CTSO,4,-0.096,3.16,0.559,,-0.093
ENSG00000256053,APOPT1,14,-0.135,3.96,0.191,0.248981,-0.201
ENSG00000256806,C17orf100,17,-0.102,1.79,0.342,0.394557,-0.23
ENSG00000257337,AC068888.1,12,-0.1,3.34,0.436,,-0.089
ENSG00000259820,AC083843.2,8,-0.114,1.13,0.599,,0.166
ENSG00000259959,AC107068.1,4,-0.193,2.59,0.264,0.342616,0.26
ENSG00000260418,AL023284.4,6,-0.102,1.49,0.488,,-0.091
ENSG00000260804,LINC01963,2,-0.15,5.16,0.291,0.41703,-0.17
ENSG00000261098,AP000766.1,11,-0.153,2.83,0.271,,0.015
ENSG00000261342,AC006538.1,19,-0.09,2.52,0.474,,-0.158
ENSG00000261455,LINC01003,7,-0.295,1.98,0.469,0.454491,-0.322
ENSG00000261613,AC093525.6,16,-0.168,3.5,0.38,,0.054
ENSG00000263753,LINC00667,18,-0.158,4.51,0.218,0.470465,0.036
ENSG00000264538,SUZ12P1,17,-0.339,3.84,0.318,,-0.372
ENSG00000267127,AC090360.1,18,-0.199,1.57,0.475,0.334612,0.005
ENSG00000268043,NBPF12,1,-0.149,5.0,0.344,,-0.183
ENSG00000269945,AC004817.4,14,-0.119,2.22,0.575,0.22869,-0.017
ENSG00000270015,AC087481.3,15,-0.106,2.86,0.346,,0.182
ENSG00000270021,AC026691.1,5,-0.301,1.53,0.605,,-0.261
ENSG00000270607,AC009549.1,11,-0.1,2.33,0.443,,-0.027
ENSG00000271122,AC018647.2,7,-0.093,2.69,0.267,,0.003
ENSG00000271303,SRXN1,20,-0.141,4.98,0.262,0.172831,-0.036
ENSG00000272047,GTF2H5,6,-0.179,4.93,0.248,0.434559,-0.08
ENSG00000274425,AC114271.1,19,-0.088,1.59,0.49,,-0.119
ENSG00000274512,TBC1D3L,17,-0.287,3.39,1.343,0.064821,-0.046
ENSG00000274627,AC092123.2,16,-0.445,3.08,0.443,,-0.453
ENSG00000275620,FLJ16779,20,-0.09,2.85,0.808,,-0.233
ENSG00000276141,WHAMMP3,15,-0.141,2.29,0.25,,-0.13
ENSG00000276449,AC004076.2,19,-0.153,1.63,0.378,,0.202
ENSG00000276791,AC092117.1,16,-0.386,1.54,0.665,0.647104,-0.384
ENSG00000277149,TYW1B,7,-0.088,1.88,0.474,0.145535,0.0
ENSG00000277758,FO681492.1,10,-0.107,2.6,0.48,0.13849,-0.177
ENSG00000278376,AP004609.3,11,-0.117,1.53,0.432,0.544731,-0.434
ENSG00000279207,AC015813.6,17,-0.139,3.4,0.459,,-0.179
ENSG00000279722,AC007342.7,16,-0.093,1.94,0.271,,-0.103
ENSG00000280047,AC091825.1,5,-0.087,2.31,0.371,,-0.201
ENSG00000281160,AC018358.1,3,-0.174,1.24,0.758,,-0.169
ENSG00000283886,BX664615.2,9,-0.142,2.22,0.722,,-0.167
