gene_id,gene_name,chr_hg38,PearsonR,is_egene,MeanObs,StdObs,log10_gene_length,PrediXcanR,PearsonRfineTuned,SuSieCausalBrainhg38,decile,abs_R,absR_decile,R_positive
ENSG00000001084,GCLC,6,-0.051,1,4.69,0.275,5.077840102734994,0.327986,-0.081,,1,0.051,5,0
ENSG00000001460,STPG1,1,-0.226,1,3.89,0.248,4.777687755695143,0.287331,0.093,,0,0.226,9,0
ENSG00000002919,SNX11,17,-0.072,1,4.1,0.163,4.294862862277967,0.086159,0.069,,1,0.072,6,0
ENSG00000003249,DBNDD1,16,-0.112,1,5.7,0.333,4.18366835736002,,-0.041,,0,0.112,8,0
ENSG00000004455,AK2,1,-0.091,1,4.86,0.172,4.863661834448632,,-0.056,,0,0.091,7,0
ENSG00000004700,RECQL,12,-0.072,1,2.89,0.372,4.515330636033727,,-0.047,,1,0.072,6,0
ENSG00000004897,CDC27,17,-0.048,1,5.47,0.178,4.855640280890145,,-0.041,,1,0.048,5,0
ENSG00000006016,CRLF1,19,-0.045,1,4.16,0.691,4.550497409936271,0.220952,-0.069,,2,0.045,5,0
ENSG00000006210,CX3CL1,16,-0.059,1,6.04,0.352,4.100060223931153,0.036479,-0.046,,1,0.059,6,0
ENSG00000006607,FARP2,2,-0.375,1,4.61,0.191,5.141760096826664,0.467026,-0.292,,0,0.375,9,0
ENSG00000008283,CYB561,17,-0.221,1,5.15,0.426,4.148448403523384,0.839141,0.427,chr17_63437960_T_C_b38,0,0.221,9,0
ENSG00000008988,RPS20,8,-0.167,1,7.48,0.189,3.862548769524793,0.220379,-0.091,,0,0.167,9,0
ENSG00000009844,VTA1,6,-0.126,1,4.71,0.214,4.889458580562216,0.222674,-0.077,,0,0.126,8,0
ENSG00000011260,UTP18,17,-0.122,1,3.82,0.218,4.572976098995143,0.397945,-0.041,,0,0.122,8,0
ENSG00000011454,RABGAP1,9,-0.062,1,6.24,0.127,5.2149338753768015,0.130906,0.0,,1,0.062,6,0
ENSG00000012660,ELOVL5,6,-0.146,1,5.59,0.45,4.9126577271322684,0.19296,0.143,,0,0.146,8,0
ENSG00000013523,ANGEL1,14,-0.089,1,5.13,0.182,4.602808503902597,0.268945,-0.088,,0,0.089,7,0
ENSG00000014824,SLC30A9,4,-0.119,1,5.82,0.245,4.999939194516051,0.227448,-0.113,chr4_41990735_G_C_b38,0,0.119,8,0
ENSG00000014919,COX15,10,-0.058,1,4.46,0.23,4.3065751280964495,,-0.08,,1,0.058,6,0
ENSG00000015133,CCDC88C,14,-0.064,1,2.65,0.446,5.165902838077654,0.288613,-0.043,,1,0.064,6,0
ENSG00000017797,RALBP1,18,-0.058,1,6.67,0.197,4.800084416861083,,-0.076,,1,0.058,6,0
ENSG00000020256,ZFP64,20,-0.095,1,2.98,0.24,5.183685428348482,,0.013,,0,0.095,7,0
ENSG00000021355,SERPINB1,6,-0.077,1,3.26,0.513,3.985650973690949,,-0.039,,1,0.077,7,0
ENSG00000021826,CPS1,2,-0.045,1,2.15,0.39,5.304115528420859,,0.203,,2,0.045,5,0
ENSG00000022355,GABRA1,5,-0.066,1,6.85,0.475,4.723611628815061,,-0.068,,1,0.066,6,0
ENSG00000023228,NDUFS1,2,-0.178,1,7.0,0.204,4.651151972757688,0.280094,-0.053,,0,0.178,9,0
ENSG00000023516,AKAP11,13,-0.125,1,7.34,0.262,4.708548365130561,0.448666,-0.152,,0,0.125,8,0
ENSG00000025293,PHF20,20,-0.08,1,5.82,0.164,5.25141432469233,,-0.08,,1,0.08,7,0
ENSG00000025796,SEC63,6,-0.088,1,5.78,0.192,4.956331740611275,,-0.082,,0,0.088,7,0
ENSG00000028528,SNX1,15,-0.066,1,6.04,0.169,4.715736003225063,,-0.085,,1,0.066,6,0
ENSG00000031691,CENPQ,6,-0.347,1,1.47,0.431,4.4731949092049375,0.506392,-0.352,chr6_49452493_T_C_b38,0,0.347,9,0
ENSG00000035664,DAPK2,15,-0.102,1,2.8,0.339,5.217478680006463,0.284434,-0.019,,0,0.102,8,0
ENSG00000037637,FBXO42,1,-0.139,1,4.76,0.171,5.02372971540751,0.371846,0.164,,0,0.139,8,0
ENSG00000037757,MRI1,19,-0.081,1,4.03,0.339,3.98904915643822,0.584003,0.157,chr19_13763485_G_A_b38,1,0.081,7,0
ENSG00000038002,AGA,4,-0.086,1,2.17,0.472,4.069446083880313,0.619445,0.29,chr4_177442224_G_A_b38,0,0.086,7,0
ENSG00000041802,LSG1,3,-0.409,1,4.44,0.209,4.5009222391903005,0.628286,-0.386,,0,0.409,9,0
ENSG00000042429,MED17,11,-0.187,1,4.0,0.189,4.487661477118644,0.386609,0.183,,0,0.187,9,0
ENSG00000047346,FAM214A,15,-0.059,1,4.5,0.224,5.108906507377758,0.239776,0.042,,1,0.059,6,0
ENSG00000050426,LETMD1,12,-0.1,1,5.27,0.228,4.095622595021622,0.225908,0.102,,0,0.1,8,0
ENSG00000050820,BCAR1,16,-0.053,1,5.35,0.364,4.6006135561423145,0.104277,-0.064,,1,0.053,5,0
ENSG00000051128,HOMER3,19,-0.048,1,3.69,0.403,4.0813833174622856,0.321217,-0.13,,1,0.048,5,0
ENSG00000053108,FSTL4,5,-0.054,1,4.05,0.519,5.619208152929774,0.273571,-0.075,,1,0.054,5,0
ENSG00000053770,AP5M1,14,-0.045,1,5.5,0.205,4.47471148539244,,-0.029,,2,0.045,5,0
ENSG00000053900,ANAPC4,4,-0.29,1,4.35,0.258,4.615802808230036,0.430525,-0.281,,0,0.29,9,0
ENSG00000055950,MRPL43,10,-0.214,1,4.37,0.167,4.256669648687233,0.357984,0.224,,0,0.214,9,0
ENSG00000056558,TRAF1,9,-0.13,1,3.66,0.465,4.4278267894935235,0.412358,-0.221,,0,0.13,8,0
ENSG00000058729,RIOK2,5,-0.109,1,3.3,0.209,4.350131673872538,0.338749,-0.035,,0,0.109,8,0
ENSG00000062038,CDH3,16,-0.075,1,1.64,0.462,4.936654463260244,,-0.115,,1,0.075,7,0
ENSG00000063438,AHRR,5,-0.087,1,1.51,0.643,5.127480592148425,0.448353,-0.236,,0,0.087,7,0
ENSG00000063854,HAGH,16,-0.172,1,5.8,0.243,4.499343359227368,0.305797,0.243,chr16_1806367_G_C_b38,0,0.172,9,0
ENSG00000063978,RNF4,4,-0.146,1,5.03,0.159,5.212456623781849,0.332341,-0.007,,0,0.146,8,0
ENSG00000064199,SPA17,11,-0.237,1,2.09,0.314,4.375132993517164,0.287615,-0.17,,0,0.237,9,0
ENSG00000064995,TAF11,6,-0.078,1,3.72,0.17,4.013342904345347,0.231023,0.097,,1,0.078,7,0
ENSG00000064999,ANKS1A,6,-0.108,1,5.3,0.237,5.305671597287026,0.36024,-0.038,,0,0.108,8,0
ENSG00000065060,UHRF1BP1,6,-0.46,1,4.08,0.2,4.95963277537964,0.508311,0.445,,0,0.46,9,0
ENSG00000065427,KARS,16,-0.085,1,5.26,0.168,4.325720858019412,,0.07,,0,0.085,7,0
ENSG00000065600,TMEM206,1,-0.109,1,3.07,0.373,4.707323154095313,0.203902,-0.075,chr1_212203419_G_A_b38,0,0.109,8,0
ENSG00000065802,ASB1,2,-0.069,1,5.49,0.216,4.406693433796212,,0.087,,1,0.069,6,0
ENSG00000066056,TIE1,1,-0.107,1,3.82,0.506,4.344706581266698,,0.177,,0,0.107,8,0
ENSG00000066379,ZNRD1,6,-0.07,1,2.29,0.249,3.778946727968617,,0.136,,1,0.07,6,0
ENSG00000066654,THUMPD1,16,-0.226,1,5.05,0.156,4.594049841937299,0.222623,-0.162,,0,0.226,9,0
ENSG00000066923,STAG3,7,-0.096,1,2.94,0.357,4.6427216572370735,0.23217,-0.093,,0,0.096,7,0
ENSG00000067082,KLF6,10,-0.054,1,5.4,0.31,3.967828679330155,,-0.036,,1,0.054,5,0
ENSG00000068976,PYGM,11,-0.055,1,4.56,0.6,4.143295907124072,,-0.053,,1,0.055,5,0
ENSG00000069956,MAPK6,15,-0.071,1,5.3,0.259,5.06170499012875,,-0.061,,1,0.071,6,0
ENSG00000070669,ASNS,7,-0.052,1,5.73,0.334,4.310162065204453,0.057556,-0.115,,1,0.052,5,0
ENSG00000071462,BUD23,7,-0.148,1,4.65,0.174,4.345118765064614,0.227607,-0.019,,0,0.148,8,0
ENSG00000071794,HLTF,3,-0.145,1,4.79,0.285,4.751494657671131,0.320445,-0.1,,0,0.145,8,0
ENSG00000071894,CPSF1,8,-0.323,1,5.58,0.419,4.207391977978488,0.679658,-0.244,chr8_144385464_G_A_b38,0,0.323,9,0
ENSG00000071994,PDCD2,6,-0.128,1,4.01,0.155,3.973035440686933,0.174708,0.107,,0,0.128,8,0
ENSG00000073169,SELENOO,22,-0.061,1,3.95,0.393,4.221101119961506,,-0.104,,1,0.061,6,0
ENSG00000074181,NOTCH3,19,-0.064,1,4.81,0.53,4.622669844705667,0.042855,-0.021,,1,0.064,6,0
ENSG00000074219,TEAD2,19,-0.217,1,1.75,0.625,4.3397097547798325,0.394335,-0.075,,0,0.217,9,0
ENSG00000074755,ZZEF1,17,-0.102,1,5.77,0.165,5.141688021256308,,-0.079,,0,0.102,8,0
ENSG00000075239,ACAT1,11,-0.045,1,5.05,0.219,4.419311259689979,0.081825,-0.022,chr11_108121619_G_C_b38,2,0.045,5,0
ENSG00000075399,VPS9D1,16,-0.141,1,5.14,0.313,4.141543834220653,0.404395,-0.155,,0,0.141,8,0
ENSG00000077420,APBB1IP,10,-0.073,1,2.11,0.732,5.112608352559315,0.080918,-0.062,,1,0.073,6,0
ENSG00000078142,PIK3C3,18,-0.06,1,5.66,0.174,5.122625396909397,0.410289,-0.026,,1,0.06,6,0
ENSG00000078699,CBFA2T2,20,-0.111,1,5.45,0.169,5.204016825466072,,-0.068,,0,0.111,8,0
ENSG00000078808,SDF4,1,-0.046,1,5.86,0.279,4.179666668690498,,-0.01,,1,0.046,5,0
ENSG00000079332,SAR1A,10,-0.094,1,6.07,0.171,4.366142676814888,0.280078,-0.109,,0,0.094,7,0
ENSG00000080200,CRYBG3,3,-0.153,1,3.73,0.488,5.089636683944112,0.239907,-0.159,,0,0.153,9,0
ENSG00000080345,RIF1,2,-0.151,1,5.96,0.183,4.991806224527606,0.297446,0.257,,0,0.151,8,0
ENSG00000081842,PCDHA6,5,-0.053,1,2.16,0.818,5.265730298348378,0.165276,-0.113,,1,0.053,5,0
ENSG00000082258,CCNT2,2,-0.162,1,5.0,0.187,4.613926347855687,,-0.161,,0,0.162,9,0
ENSG00000083312,TNPO1,5,-0.046,1,5.89,0.231,5.001828866513676,,-0.033,,1,0.046,5,0
ENSG00000083535,PIBF1,13,-0.263,1,3.03,0.248,5.369963165686959,0.366596,0.076,,0,0.263,9,0
ENSG00000083807,SLC27A5,19,-0.115,1,3.48,0.242,4.5172222980279075,,0.177,,0,0.115,8,0
ENSG00000083828,ZNF586,19,-0.068,1,1.84,0.324,4.701438454464351,0.188198,0.116,,1,0.068,6,0
ENSG00000084072,PPIE,1,-0.046,1,4.28,0.202,4.855718994172966,0.40795,0.022,,1,0.046,5,0
ENSG00000084676,NCOA1,2,-0.048,1,6.92,0.169,5.445275634083267,,0.124,,1,0.048,5,0
ENSG00000085514,PILRA,7,-0.546,1,1.98,0.521,4.512817758564873,0.603317,0.413,,0,0.546,9,0
ENSG00000086065,CHMP5,9,-0.067,1,5.34,0.242,4.235301140319991,,-0.029,,1,0.067,6,0
ENSG00000086205,FOLH1,11,-0.095,1,3.05,0.767,4.792643787305141,,-0.103,,0,0.095,7,0
ENSG00000086504,MRPL28,16,-0.088,1,5.05,0.292,3.4974825373673704,0.269903,-0.148,,0,0.088,7,0
ENSG00000086598,TMED2,12,-0.062,1,5.57,0.196,4.147583582421641,0.120172,-0.016,,1,0.062,6,0
ENSG00000087191,PSMC5,17,-0.207,1,6.58,0.194,3.687974620034556,0.208363,-0.206,,0,0.207,9,0
ENSG00000087338,GMCL1,2,-0.224,1,3.88,0.241,4.713952312921501,0.256531,-0.26,,0,0.224,9,0
ENSG00000088340,FER1L4,20,-0.063,1,2.24,0.647,4.688651146789068,,0.002,,1,0.063,6,0
ENSG00000088727,KIF9,3,-0.059,1,2.11,0.303,4.743713537430443,,-0.055,,1,0.059,6,0
ENSG00000088992,TESC,12,-0.05,1,3.5,0.407,4.7821643520316846,0.292832,-0.011,,1,0.05,5,0
ENSG00000089335,ZNF302,19,-0.178,1,5.42,0.203,3.9424545263424777,0.453226,0.017,,0,0.178,9,0
ENSG00000089916,GPATCH2L,14,-0.062,1,5.47,0.166,5.010414452786114,0.102327,0.039,,1,0.062,6,0
ENSG00000090487,SPG21,15,-0.249,1,4.84,0.182,4.436003535669896,0.422549,-0.303,,0,0.249,9,0
ENSG00000091490,SEL1L3,4,-0.138,1,3.84,0.401,5.065706661025978,0.197922,-0.091,,0,0.138,8,0
ENSG00000092036,HAUS4,14,-0.229,1,2.77,0.373,4.038779069555538,0.406556,0.276,,0,0.229,9,0
ENSG00000092758,COL9A3,20,-0.082,1,3.43,0.606,4.396478322202103,,0.062,,1,0.082,7,0
ENSG00000092978,GPATCH2,1,-0.067,1,3.57,0.207,5.309823853630732,,-0.03,,1,0.067,6,0
ENSG00000093000,NUP50,22,-0.118,1,5.0,0.152,4.383366482755039,0.296964,-0.155,,0,0.118,8,0
ENSG00000093183,SEC22C,3,-0.075,1,5.45,0.166,4.725192655638864,0.066513,0.13,,1,0.075,7,0
ENSG00000095383,TBC1D2,9,-0.07,1,2.75,0.409,4.75375919200913,0.441643,0.079,chr9_98188494_T_G_b38,1,0.07,6,0
ENSG00000095564,BTAF1,10,-0.184,1,4.44,0.303,5.027581984895049,,-0.19,,0,0.184,9,0
ENSG00000095794,CREM,10,-0.113,1,4.01,0.302,4.9353460128823965,,0.097,,0,0.113,8,0
ENSG00000096093,EFHC1,6,-0.047,1,3.94,0.186,5.224698772471699,,0.01,,1,0.047,5,0
ENSG00000099290,WASHC2A,10,-0.069,1,5.44,0.181,4.8170296076746695,,-0.127,chr10_50131906_G_A_b38,1,0.069,6,0
ENSG00000099810,MTAP,9,-0.066,1,3.82,0.225,5.130684279593097,0.247821,0.175,chr9_21900978_A_G_b38,1,0.066,6,0
ENSG00000099968,BCL2L13,22,-0.073,1,5.55,0.199,5.0086044295300844,,-0.063,chr22_17726847_A_G_b38,1,0.073,6,0
ENSG00000100023,PPIL2,22,-0.052,1,5.27,0.242,4.531568321408984,0.074558,0.022,,1,0.052,5,0
ENSG00000100027,YPEL1,22,-0.06,1,4.41,0.319,4.583096708442514,,0.139,,1,0.06,6,0
ENSG00000100106,TRIOBP,22,-0.102,1,3.79,0.323,4.90065656184406,,0.086,,0,0.102,8,0
ENSG00000100299,ARSA,22,-0.23,1,3.96,0.349,3.733999286538387,0.500465,-0.148,chr22_50625049_T_C_b38,0,0.23,9,0
ENSG00000100364,KIAA0930,22,-0.086,1,8.0,0.343,4.7027061914734425,0.123976,-0.118,,0,0.086,7,0
ENSG00000100379,KCTD17,22,-0.073,1,5.5,0.277,4.066512277856596,,-0.073,,1,0.073,6,0
ENSG00000100441,KHNYN,14,-0.146,1,4.84,0.293,4.098609119300293,0.421551,-0.245,,0,0.146,8,0
ENSG00000100504,PYGL,14,-0.057,1,2.88,0.604,4.938749820273815,,-0.127,chr14_50977250_C_T_b38,1,0.057,6,0
ENSG00000100577,GSTZ1,14,-0.188,1,2.96,0.48,4.02995164203684,0.4044,-0.14,,0,0.188,9,0
ENSG00000100580,TMED8,14,-0.173,1,5.53,0.166,4.624168607391142,0.279013,-0.137,,0,0.173,9,0
ENSG00000100612,DHRS7,14,-0.134,1,4.8,0.235,4.410557922545943,0.301575,0.087,,0,0.134,8,0
ENSG00000100628,ASB2,14,-0.092,1,2.47,0.641,4.629807010756449,0.249373,-0.124,chr14_93956277_A_T_b38,0,0.092,7,0
ENSG00000100726,TELO2,16,-0.077,1,4.03,0.4,4.233351527653275,0.338969,0.185,,1,0.077,7,0
ENSG00000100804,PSMB5,14,-0.059,1,5.54,0.196,4.271562825432305,,0.043,chr14_23034812_G_A_b38,1,0.059,6,0
ENSG00000100997,ABHD12,20,-0.278,1,6.12,0.24,4.983360126927649,0.54001,0.331,,0,0.278,9,0
ENSG00000101290,CDS2,20,-0.14,1,7.21,0.153,4.851881816999072,0.185568,-0.124,chr20_4158173_G_T_b38,0,0.14,8,0
ENSG00000101452,DHX35,20,-0.079,1,3.28,0.218,4.8888812140288245,,0.127,,1,0.079,7,0
ENSG00000103202,NME4,16,-0.13,1,4.61,0.287,4.134909879131878,0.23483,-0.195,,0,0.13,8,0
ENSG00000103248,MTHFSD,16,-0.08,1,2.75,0.258,4.3989810666581315,0.181592,0.039,,1,0.08,7,0
ENSG00000103642,LACTB,15,-0.135,1,2.9,0.235,4.306682311019055,0.347629,-0.195,,0,0.135,8,0
ENSG00000103852,TTC23,15,-0.207,1,2.8,0.304,5.060323808432341,0.3503,-0.197,,0,0.207,9,0
ENSG00000104320,NBN,8,-0.05,1,4.52,0.196,4.8444336819888285,0.057777,0.032,,1,0.05,5,0
ENSG00000104774,MAN2B1,19,-0.099,1,3.53,0.337,4.306038816336349,,0.008,,0,0.099,7,0
ENSG00000104983,CCDC61,19,-0.05,1,2.19,0.377,4.41259493111848,,-0.048,,1,0.05,5,0
ENSG00000105127,AKAP8,19,-0.186,1,4.22,0.222,4.421834173504778,0.451757,0.07,,0,0.186,9,0
ENSG00000105136,ZNF419,19,-0.321,1,3.86,0.243,3.923606643017459,0.470332,-0.191,chr19_57488478_A_T_b38,0,0.321,9,0
ENSG00000105655,ISYNA1,19,-0.064,1,3.75,0.493,3.5926208213219826,,-0.045,,1,0.064,6,0
ENSG00000105808,RASA4,7,-0.094,1,5.51,0.452,4.63297327967893,,-0.04,,0,0.094,7,0
ENSG00000105875,WDR91,7,-0.108,1,4.15,0.231,4.4424170505313185,,0.033,,0,0.108,8,0
ENSG00000107099,DOCK8,9,-0.089,1,2.28,0.73,5.398644730831014,0.191765,-0.05,chr9_370199_A_G_b38,0,0.089,7,0
ENSG00000107521,HPS1,10,-0.164,1,4.91,0.214,4.4878451201114355,0.385009,-0.148,chr10_98439231_G_T_b38,0,0.164,9,0
ENSG00000107554,DNMBP,10,-0.075,1,3.21,0.247,5.128215042257287,,-0.059,,1,0.075,7,0
ENSG00000107611,CUBN,10,-0.092,1,1.62,0.495,5.4855340433450195,,-0.037,,0,0.092,7,0
ENSG00000108379,WNT3,17,-0.197,1,3.13,0.581,4.849106019014648,0.802315,-0.082,chr17_46830897_C_T_b38,0,0.197,9,0
ENSG00000108406,DHX40,17,-0.087,1,4.36,0.184,4.63165680516792,,-0.038,,0,0.087,7,0
ENSG00000108592,FTSJ3,17,-0.543,1,4.43,0.25,4.024485667699167,0.691818,-0.569,,0,0.543,9,0
ENSG00000109180,OCIAD1,4,-0.103,1,6.68,0.219,4.7528624670325526,0.222015,-0.086,,0,0.103,8,0
ENSG00000109534,GAR1,4,-0.315,1,2.46,0.275,3.965248750967121,0.373923,-0.158,,0,0.315,9,0
ENSG00000109832,DDX25,11,-0.08,1,4.39,0.29,4.605897351644975,,-0.004,,1,0.08,7,0
ENSG00000109956,B3GAT1,11,-0.093,1,7.68,0.232,4.523941465459712,0.237893,-0.082,,0,0.093,7,0
ENSG00000110074,FOXRED1,11,-0.291,1,5.03,0.24,3.957942335445405,0.536924,-0.092,,0,0.291,9,0
ENSG00000110811,P3H3,12,-0.053,1,3.83,0.445,4.05850194342965,,0.08,chr12_6839304_T_C_b38,1,0.053,5,0
ENSG00000110881,ASIC1,12,-0.123,1,5.04,0.272,4.416041066964434,0.029184,-0.0,,0,0.123,8,0
ENSG00000110906,KCTD10,12,-0.103,1,4.93,0.172,4.460732508891673,,0.198,,0,0.103,8,0
ENSG00000111215,PRR4,12,-0.055,1,2.19,0.321,5.512904422135187,0.343053,0.075,,1,0.055,5,0
ENSG00000111802,TDP2,6,-0.073,1,4.91,0.191,4.231902649456643,0.282662,-0.094,,1,0.073,6,0
ENSG00000113593,PPWD1,5,-0.152,1,3.78,0.261,4.385856412361415,0.186575,-0.143,,0,0.152,9,0
ENSG00000113597,TRAPPC13,5,-0.132,1,4.03,0.256,4.618236424563806,,-0.047,,0,0.132,8,0
ENSG00000113812,ACTR8,3,-0.222,1,3.73,0.187,4.180039810927176,0.207704,0.324,chr3_54878561_A_G_b38,0,0.222,9,0
ENSG00000114021,NIT2,3,-0.148,1,4.34,0.231,4.430316979881974,0.546343,-0.309,,0,0.148,8,0
ENSG00000114841,DNAH1,3,-0.074,1,4.52,0.529,4.925172806090328,0.318767,0.105,,1,0.074,7,0
ENSG00000114933,INO80D,2,-0.068,1,4.69,0.178,4.966531249273931,0.416752,-0.091,,1,0.068,6,0
ENSG00000115266,APC2,19,-0.075,1,7.43,0.357,4.430445951108847,0.34164,-0.048,chr19_1457371_C_T_b38,1,0.075,7,0
ENSG00000116132,PRRX1,1,-0.236,1,3.76,0.482,4.88475006359618,0.43292,-0.147,,0,0.236,9,0
ENSG00000116151,MORN1,1,-0.069,1,2.99,0.308,4.84791181923893,0.267566,-0.077,,1,0.069,6,0
ENSG00000116171,SCP2,1,-0.068,1,5.62,0.229,5.095082134947497,,-0.062,,1,0.068,6,0
ENSG00000116260,QSOX1,1,-0.067,1,5.26,0.226,4.691938620589121,,0.08,,1,0.067,6,0
ENSG00000116852,KIF21B,1,-0.065,1,6.2,0.367,4.734887799303098,0.330528,-0.079,,1,0.065,6,0
ENSG00000116984,MTR,1,-0.061,1,5.04,0.318,5.036233539417337,0.313032,-0.011,,1,0.061,6,0
ENSG00000117899,MESD,15,-0.167,1,4.67,0.162,4.639386869017684,0.285872,0.125,,0,0.167,9,0
ENSG00000117906,RCN2,15,-0.07,1,5.38,0.259,4.357439316313899,0.104414,-0.081,,1,0.07,6,0
ENSG00000118096,IFT46,11,-0.311,1,4.34,0.183,4.453975401295882,0.434936,-0.354,chr11_118560288_A_G_b38,0,0.311,9,0
ENSG00000118322,ATP10B,5,-0.105,1,3.06,0.556,5.461040580459355,0.6027,-0.059,,0,0.105,8,0
ENSG00000118579,MED28,4,-0.131,1,6.22,0.133,4.289477466344602,-0.170282,0.082,,0,0.131,8,0
ENSG00000118690,ARMC2,6,-0.1,1,2.04,0.362,5.100566967243435,0.146898,-0.161,,0,0.1,8,0
ENSG00000118804,STBD1,4,-0.138,1,1.5,0.555,3.746166964377285,0.10763,0.067,chr4_76254542_G_A_b38,0,0.138,8,0
ENSG00000118939,UCHL3,13,-0.162,1,2.54,0.3,4.752363485275562,0.303305,-0.163,chr13_75543517_T_C_b38,0,0.162,9,0
ENSG00000118997,DNAH7,2,-0.222,1,3.65,0.594,5.519972297270452,0.359533,-0.06,,0,0.222,9,0
ENSG00000119321,FKBP15,9,-0.101,1,4.91,0.154,4.7807204498661315,-0.155039,-0.116,,0,0.101,8,0
ENSG00000119402,FBXW2,9,-0.083,1,5.42,0.139,4.617367343179719,,0.015,,1,0.083,7,0
ENSG00000119537,KDSR,18,-0.103,1,5.24,0.227,4.599719362397098,,-0.089,,0,0.103,8,0
ENSG00000119682,AREL1,14,-0.074,1,4.94,0.168,4.775821537351334,0.012109,-0.094,,1,0.074,7,0
ENSG00000120158,RCL1,9,-0.055,1,2.74,0.25,4.968711710117881,,0.041,chr9_4833154_G_A_b38,1,0.055,5,0
ENSG00000120341,SEC16B,1,-0.15,1,2.79,0.448,4.780662881668552,,-0.123,,0,0.15,8,0
ENSG00000120675,DNAJC15,13,-0.68,1,5.17,0.28,4.9591463739018735,0.820526,-0.556,chr13_43023570_C_T_b38,0,0.68,9,0
ENSG00000120693,SMAD9,13,-0.084,1,3.91,0.374,4.880441997282326,0.296768,0.048,,1,0.084,7,0
ENSG00000120725,SIL1,5,-0.048,1,3.52,0.237,5.540126673251186,0.326275,-0.035,,1,0.048,5,0
ENSG00000120738,EGR1,5,-0.053,1,4.2,0.869,3.582744965691277,,-0.038,,1,0.053,5,0
ENSG00000121350,PYROXD1,12,-0.093,1,3.41,0.289,4.526830166234526,0.43394,-0.206,,0,0.093,7,0
ENSG00000121417,ZNF211,19,-0.045,1,3.41,0.258,4.092896010921856,0.283244,-0.026,,2,0.045,5,0
ENSG00000121716,PILRB,7,-0.293,1,5.02,0.604,4.191953767152995,0.76421,-0.162,,0,0.293,9,0
ENSG00000122512,PMS2,7,-0.134,1,3.82,0.299,4.5549371546859305,0.264002,-0.161,,0,0.134,8,0
ENSG00000122692,SMU1,9,-0.128,1,5.52,0.144,4.542775648234625,,-0.149,,0,0.128,8,0
ENSG00000122729,ACO1,9,-0.057,1,4.83,0.255,4.846132908603808,,-0.075,chr9_32436016_A_G_b38,1,0.057,6,0
ENSG00000122873,CISD1,10,-0.104,1,4.56,0.302,4.312367794715973,,-0.109,,0,0.104,8,0
ENSG00000123146,ADGRE5,19,-0.083,1,2.09,0.472,4.450633950597005,,-0.074,,1,0.083,7,0
ENSG00000123297,TSFM,12,-0.385,1,3.92,0.2,4.4062505542265535,0.371718,-0.313,,0,0.385,9,0
ENSG00000123453,SARDH,9,-0.183,1,2.09,0.587,4.883070620049446,0.618832,0.02,,0,0.183,9,0
ENSG00000123643,SLC36A1,5,-0.086,1,4.16,0.392,4.743007762670625,0.271696,-0.041,chr5_151452352_G_C_b38,0,0.086,7,0
ENSG00000123739,PLA2G12A,4,-0.091,1,4.89,0.196,4.3029583187646265,0.314278,0.194,,0,0.091,7,0
ENSG00000124067,SLC12A4,16,-0.054,1,4.32,0.388,4.417106167392593,,-0.025,,1,0.054,5,0
ENSG00000124126,PREX1,20,-0.083,1,7.01,0.327,5.3088460267659,,-0.009,,1,0.083,7,0
ENSG00000124164,VAPB,20,-0.127,1,6.53,0.182,4.792251571903265,0.39645,-0.127,,0,0.127,8,0
ENSG00000124380,SNRNP27,2,-0.318,1,4.68,0.227,4.079759919660093,0.35068,-0.23,chr2_69901185_G_A_b38,0,0.318,9,0
ENSG00000124508,BTN2A2,6,-0.204,1,1.79,0.46,4.07110842178245,0.182933,-0.142,,0,0.204,9,0
ENSG00000124523,SIRT5,6,-0.206,1,4.59,0.187,4.608846822326411,0.277829,0.111,chr6_13574259_G_C_b38,0,0.206,9,0
ENSG00000124532,MRS2,6,-0.048,1,4.24,0.163,4.367113543177637,0.079093,-0.183,,1,0.048,5,0
ENSG00000124562,SNRPC,6,-0.059,1,3.87,0.196,4.214552455234245,0.196024,-0.091,,1,0.059,6,0
ENSG00000125122,LRRC29,16,-0.055,1,1.55,0.501,4.29907126002741,,0.032,,1,0.055,5,0
ENSG00000125388,GRK4,4,-0.246,1,3.23,0.227,4.887279634530023,0.29632,-0.154,,0,0.246,9,0
ENSG00000125430,HS3ST3B1,17,-0.096,1,1.13,1.057,4.68414490100605,0.162173,-0.058,,0,0.096,7,0
ENSG00000125445,MRPS7,17,-0.161,1,4.65,0.177,3.6720978579357175,0.246001,-0.172,,0,0.161,9,0
ENSG00000125503,PPP1R12C,19,-0.054,1,6.27,0.336,4.425648321926034,,-0.007,chr19_55126242_G_A_b38,1,0.054,5,0
ENSG00000125734,GPR108,19,-0.27,1,4.61,0.237,3.885926339801431,0.704455,-0.268,chr19_6737228_T_C_b38,0,0.27,9,0
ENSG00000125804,FAM182A,20,-0.071,1,2.61,0.572,4.508704748138777,,-0.112,chr20_26098920_G_A_b38,1,0.071,6,0
ENSG00000125818,PSMF1,20,-0.097,1,5.65,0.139,4.8816870167696615,0.248612,-0.124,,0,0.097,7,0
ENSG00000125821,DTD1,20,-0.074,1,4.25,0.254,5.293285192570253,,-0.079,,1,0.074,7,0
ENSG00000125871,MGME1,20,-0.151,1,2.15,0.348,4.3465485585484736,,0.036,,0,0.151,8,0
ENSG00000125885,MCM8,20,-0.211,1,2.4,0.331,4.684180849560156,0.380703,-0.135,,0,0.211,9,0
ENSG00000125895,TMEM74B,20,-0.235,1,3.45,0.376,3.686189234244023,,-0.223,chr20_1185393_A_G_b38,0,0.235,9,0
ENSG00000126214,KLC1,14,-0.077,1,8.34,0.207,5.182853860955299,,0.013,,1,0.077,7,0
ENSG00000126432,PRDX5,11,-0.097,1,6.91,0.249,3.571009672309305,0.210665,-0.078,,0,0.097,7,0
ENSG00000126698,DNAJC8,1,-0.055,1,5.93,0.161,4.525951341248012,,0.101,,1,0.055,5,0
ENSG00000126870,WDR60,7,-0.264,1,5.18,0.24,5.000737673774033,0.465509,0.11,,0,0.264,9,0
ENSG00000126934,MAP2K2,19,-0.102,1,6.13,0.274,4.529032325426976,,0.209,,0,0.102,8,0
ENSG00000127022,CANX,5,-0.051,1,8.02,0.206,4.718485080730141,0.24753,-0.119,,1,0.051,5,0
ENSG00000127083,OMD,9,-0.076,1,1.22,1.013,4.009323393381013,,-0.091,,1,0.076,7,0
ENSG00000128059,PPAT,4,-0.141,1,3.39,0.263,4.625867827976824,,-0.131,,0,0.141,8,0
ENSG00000128185,DGCR6L,22,-0.159,1,4.82,0.295,3.7638022240745928,0.248008,-0.099,,0,0.159,9,0
ENSG00000128242,GAL3ST1,22,-0.045,1,1.98,0.528,4.300008202553813,,-0.021,,2,0.045,5,0
ENSG00000128266,GNAZ,22,-0.059,1,5.97,0.279,4.7378046778199225,0.192435,-0.071,,1,0.059,6,0
ENSG00000128268,MGAT3,22,-0.045,1,6.4,0.288,4.542215244076814,,0.055,,2,0.045,5,0
ENSG00000128513,POT1,7,-0.06,1,3.12,0.228,5.031804198867208,0.029217,-0.076,,1,0.06,6,0
ENSG00000128791,TWSG1,18,-0.093,1,3.78,0.31,4.830293479079566,0.236496,-0.114,,0,0.093,7,0
ENSG00000128805,ARHGAP22,10,-0.046,1,3.29,0.329,5.322698821900047,,-0.065,,1,0.046,5,0
ENSG00000128815,WDFY4,10,-0.054,1,1.52,0.667,5.474334294522623,-0.041939,-0.091,chr10_48670745_A_C_b38,1,0.054,5,0
ENSG00000129055,ANAPC13,3,-0.282,1,4.72,0.22,3.954772989689717,0.319798,-0.29,,0,0.282,9,0
ENSG00000129467,ADCY4,14,-0.193,1,2.52,0.572,4.223885151875885,,-0.198,chr14_24354964_C_T_b38,0,0.193,9,0
ENSG00000130177,CDC16,13,-0.089,1,5.17,0.169,4.577916694984102,,-0.053,,0,0.089,7,0
ENSG00000130338,TULP4,6,-0.053,1,6.7,0.191,5.446526294042782,,-0.034,,1,0.053,5,0
ENSG00000130347,RTN4IP1,6,-0.129,1,2.19,0.32,4.759796225820178,,-0.103,,0,0.129,8,0
ENSG00000130413,STK33,11,-0.074,1,2.37,0.451,5.3062577115243545,0.179631,-0.068,,1,0.074,7,0
ENSG00000130449,ZSWIM6,5,-0.045,1,4.52,0.275,5.330206723828075,,-0.017,,2,0.045,5,0
ENSG00000130518,KIAA1683,19,-0.121,1,1.62,0.662,4.240873600020581,0.4515,-0.161,,0,0.121,8,0
ENSG00000130653,PNPLA7,9,-0.091,1,4.72,0.473,4.9570419054325505,0.512648,0.086,chr9_137549626_T_C_b38,0,0.091,7,0
ENSG00000130695,CEP85,1,-0.074,1,3.57,0.239,4.652110905126997,,0.017,,1,0.074,7,0
ENSG00000130717,UCK1,9,-0.102,1,4.99,0.215,3.8732043092770407,,0.008,chr9_131524613_TGTGA_T_b38,0,0.102,8,0
ENSG00000130731,METTL26,16,-0.048,1,5.07,0.292,3.287801729930226,,-0.064,chr16_636337_G_A_b38,1,0.048,5,0
ENSG00000131018,SYNE1,6,-0.108,1,8.21,0.193,5.712749005677887,0.171521,-0.006,,0,0.108,8,0
ENSG00000131023,LATS1,6,-0.103,1,4.67,0.205,4.778903375831701,,-0.089,,0,0.103,8,0
ENSG00000131069,ACSS2,20,-0.088,1,4.65,0.216,4.746766490725558,,-0.13,,0,0.088,7,0
ENSG00000131100,ATP6V1E1,22,-0.074,1,7.22,0.3,4.5644648458139105,,-0.03,,1,0.074,7,0
ENSG00000131435,PDLIM4,5,-0.124,1,2.74,0.634,4.198217072244135,0.423856,-0.079,,0,0.124,8,0
ENSG00000131558,EXOC4,7,-0.093,1,5.49,0.148,5.910366632784926,0.352388,-0.038,,0,0.093,7,0
ENSG00000131966,ACTR10,14,-0.103,1,4.96,0.278,4.55092511173554,0.139738,-0.049,,0,0.103,8,0
ENSG00000132256,TRIM5,11,-0.061,1,1.59,0.575,5.439432175353214,,-0.023,,1,0.061,6,0
ENSG00000132294,EFR3A,8,-0.113,1,6.62,0.27,5.039632203191627,0.303492,0.007,,0,0.113,8,0
ENSG00000132321,IQCA1,2,-0.045,1,4.83,0.326,5.263389859159128,,0.074,,2,0.045,5,0
ENSG00000132406,TMEM128,4,-0.183,1,3.08,0.387,4.102810890916915,0.245846,-0.05,,0,0.183,9,0
ENSG00000132432,SEC61G,7,-0.083,1,3.53,0.294,3.887898488096872,0.20857,-0.038,,1,0.083,7,0
ENSG00000132436,FIGNL1,7,-0.154,1,2.83,0.288,4.993030405490578,0.54787,-0.01,chr7_50447929_G_A_b38,0,0.154,9,0
ENSG00000132612,VPS4A,16,-0.118,1,6.64,0.162,4.192678939534541,0.183821,0.012,,0,0.118,8,0
ENSG00000133028,SCO1,17,-0.215,1,4.81,0.216,4.413333299039912,0.298426,0.235,,0,0.215,9,0
ENSG00000133313,CNDP2,18,-0.063,1,6.6,0.192,4.441522325882394,0.33902,0.018,,1,0.063,6,0
ENSG00000133433,GSTT2B,22,-0.665,1,3.01,0.902,3.5766868052009957,0.796565,-0.551,chr22_23884333_G_C_b38,0,0.665,9,0
ENSG00000133460,SLC2A11,22,-0.055,1,4.61,0.259,4.471394403692833,0.458882,0.151,chr22_23888628_G_A_b38,1,0.055,5,0
ENSG00000133983,COX16,14,-0.168,1,3.88,0.224,4.539715772518249,0.439198,0.204,,0,0.168,9,0
ENSG00000134070,IRAK2,3,-0.123,1,2.24,0.456,4.896961396136567,0.216459,-0.114,chr3_10165297_G_C_b38,0,0.123,8,0
ENSG00000134077,THUMPD3,3,-0.052,1,4.28,0.183,4.379305517750582,0.467423,-0.06,,1,0.052,5,0
ENSG00000134202,GSTM3,1,-0.492,1,6.47,0.475,3.851686315442428,0.833203,-0.536,chr1_109731286_G_T_b38,0,0.492,9,0
ENSG00000134291,TMEM106C,12,-0.138,1,3.9,0.245,3.725094521081469,0.280293,-0.112,,0,0.138,8,0
ENSG00000134697,GNL2,1,-0.188,1,3.92,0.199,4.464191370640999,,-0.181,,0,0.188,9,0
ENSG00000134759,ELP2,18,-0.082,1,5.68,0.146,4.7085313719591415,,-0.077,,1,0.082,7,0
ENSG00000134815,DHX34,19,-0.088,1,4.0,0.359,4.524058422636234,0.308254,-0.023,,0,0.088,7,0
ENSG00000135624,CCT7,2,-0.051,1,6.51,0.203,4.292300384859081,0.242907,0.005,,1,0.051,5,0
ENSG00000135631,RAB11FIP5,2,-0.074,1,5.96,0.29,4.920853496121259,,-0.04,,1,0.074,7,0
ENSG00000135702,CHST5,16,-0.088,1,1.3,0.461,3.826916647184921,0.164529,0.095,,0,0.088,7,0
ENSG00000135968,GCC2,2,-0.142,1,6.51,0.236,4.784296266760007,,0.076,chr2_108465012_C_G_b38,0,0.142,8,0
ENSG00000136010,ALDH1L2,12,-0.047,1,2.76,0.329,4.811534791556762,,0.073,chr12_105050632_C_T_b38,1,0.047,5,0
ENSG00000136059,VILL,3,-0.36,1,3.27,0.386,4.281714970027296,0.512541,-0.372,,0,0.36,9,0
ENSG00000136104,RNASEH2B,13,-0.483,1,3.73,0.288,4.806641166905534,0.655297,-0.522,chr13_50910309_C_T_b38,0,0.483,9,0
ENSG00000136108,CKAP2,13,-0.357,1,3.31,0.299,4.326335860928752,0.568827,0.033,,0,0.357,9,0
ENSG00000136270,TBRG4,7,-0.11,1,4.28,0.206,4.077295213932091,0.340245,0.092,,0,0.11,8,0
ENSG00000136371,MTHFS,15,-0.182,1,1.92,0.363,4.804786641769705,0.291881,-0.153,,0,0.182,9,0
ENSG00000136457,CHAD,17,-0.222,1,1.64,0.686,3.650404669868032,0.542375,-0.19,chr17_50476555_C_G_b38,0,0.222,9,0
ENSG00000136643,RPS6KC1,1,-0.049,1,5.17,0.165,5.349357189395197,,-0.048,,1,0.049,5,0
ENSG00000136810,TXN,9,-0.086,1,5.12,0.294,4.108226656374929,0.355366,-0.092,,0,0.086,7,0
ENSG00000136811,ODF2,9,-0.235,1,4.43,0.216,4.663766865315666,0.294911,-0.241,,0,0.235,9,0
ENSG00000136856,SLC2A8,9,-0.1,1,3.51,0.293,4.052578525044658,0.506933,-0.135,,0,0.1,8,0
ENSG00000137103,TMEM8B,9,-0.082,1,6.1,0.209,4.708148849710405,0.428743,-0.093,chr9_35829393_C_T_b38,1,0.082,7,0
ENSG00000137261,KIAA0319,6,-0.082,1,4.99,0.285,5.008821520374505,,-0.102,,1,0.082,7,0
ENSG00000137267,TUBB2A,6,-0.094,1,7.83,0.449,3.586362223307866,0.24452,-0.085,,0,0.094,7,0
ENSG00000137269,LRRC1,6,-0.109,1,2.97,0.421,5.1126887693970975,0.124276,-0.089,,0,0.109,8,0
ENSG00000137274,BPHL,6,-0.045,1,3.46,0.263,4.546604348654274,0.25765,-0.043,chr6_3138265_A_G_b38,2,0.045,5,0
ENSG00000137802,MAPKBP1,15,-0.07,1,5.92,0.283,4.727720143002175,,0.001,,1,0.07,6,0
ENSG00000138029,HADHB,2,-0.082,1,6.05,0.384,4.674851958939232,0.453933,-0.056,,1,0.082,7,0
ENSG00000138030,KHK,2,-0.106,1,3.22,0.27,4.1469338345627635,,0.156,,0,0.106,8,0
ENSG00000138050,THUMPD2,2,-0.081,1,2.94,0.227,4.635564164273137,,0.093,,1,0.081,7,0
ENSG00000138071,ACTR2,2,-0.168,1,7.02,0.26,4.638499240621076,,-0.132,,0,0.168,9,0
ENSG00000138162,TACC2,10,-0.081,1,4.7,0.225,5.423855097552538,,-0.035,,1,0.081,7,0
ENSG00000138207,RBP4,10,-0.048,1,3.61,0.453,4.002511631284908,0.135729,0.013,,1,0.048,5,0
ENSG00000138769,CDKL2,4,-0.126,1,2.83,0.396,4.72190949453948,0.186283,-0.102,,0,0.126,8,0
ENSG00000139514,SLC7A1,13,-0.106,1,5.81,0.308,4.935905102853796,,0.065,,0,0.106,8,0
ENSG00000139620,KANSL2,12,-0.244,1,3.21,0.221,4.459965137493899,,0.11,,0,0.244,9,0
ENSG00000141098,GFOD2,16,-0.081,1,5.1,0.236,4.652159279931496,,-0.016,,1,0.081,7,0
ENSG00000141295,SCRN2,17,-0.084,1,3.92,0.361,3.5613399414589013,0.361309,-0.086,,1,0.084,7,0
ENSG00000141854,MISP3,19,-0.145,1,3.46,0.293,3.402605241919914,0.352958,-0.007,chr19_14068269_A_G_b38,0,0.145,8,0
ENSG00000141933,TPGS1,19,-0.107,1,3.02,0.532,4.084862139048422,,-0.092,,0,0.107,8,0
ENSG00000141934,PLPP2,19,-0.053,1,3.36,0.541,4.019739232674706,0.129569,-0.064,chr19_290947_C_A_b38,1,0.053,5,0
ENSG00000141994,DUS3L,19,-0.195,1,2.87,0.367,3.8066547239918607,0.409638,-0.241,,0,0.195,9,0
ENSG00000142102,PGGHG,11,-0.219,1,3.2,0.746,3.843419665204918,0.652817,0.219,chr11_295808_A_G_b38,0,0.219,9,0
ENSG00000142156,COL6A1,21,-0.101,1,6.2,0.407,4.367616792134676,0.453698,0.111,chr21_45989325_G_C_b38,0,0.101,8,0
ENSG00000143502,SUSD4,1,-0.23,1,4.92,0.342,5.156500691782311,0.488874,-0.245,,0,0.23,9,0
ENSG00000143891,GALM,2,-0.323,1,2.22,0.439,4.876956436827322,0.637649,-0.305,,0,0.323,9,0
ENSG00000143919,CAMKMT,2,-0.095,1,2.51,0.336,5.613464424052936,,-0.04,,0,0.095,7,0
ENSG00000144152,FBLN7,2,-0.158,1,2.61,0.646,4.697508317866085,0.313292,-0.191,,0,0.158,9,0
ENSG00000144306,SCRN3,2,-0.142,1,3.68,0.236,4.5295073501090375,,-0.149,,0,0.142,8,0
ENSG00000144647,POMGNT2,3,-0.169,1,4.86,0.242,4.428863408299256,0.332976,0.239,,0,0.169,9,0
ENSG00000145604,SKP2,5,-0.076,1,2.9,0.239,4.509619137576773,,-0.077,,1,0.076,7,0
ENSG00000145736,GTF2H2,5,-0.263,1,3.16,0.626,4.544316141747427,0.522167,-0.396,chr5_71044045_G_T_b38,0,0.263,9,0
ENSG00000146411,SLC2A12,6,-0.11,1,2.94,0.454,4.805772631935669,,0.039,,0,0.11,8,0
ENSG00000146674,IGFBP3,7,-0.197,1,3.87,0.721,3.9836262871245345,,-0.009,,0,0.197,9,0
ENSG00000147316,MCPH1,8,-0.139,1,3.92,0.156,5.383659207248045,,-0.199,chr8_6457771_A_T_b38,0,0.139,8,0
ENSG00000147421,HMBOX1,8,-0.161,1,4.63,0.365,5.241474258192712,,0.123,,0,0.161,9,0
ENSG00000147576,ADHFE1,8,-0.244,1,3.5,0.596,4.617178637999464,0.532715,-0.213,,0,0.244,9,0
ENSG00000147853,AK3,9,-0.138,1,5.51,0.348,4.511682871101388,,-0.113,chr9_4740456_A_C_b38,0,0.138,8,0
ENSG00000148300,REXO4,9,-0.144,1,4.28,0.298,4.0805543389887715,0.312245,0.099,,0,0.144,8,0
ENSG00000148468,FAM171A1,10,-0.221,1,6.73,0.219,5.2025428047939215,,-0.198,,0,0.221,9,0
ENSG00000149451,ADAM33,20,-0.08,1,3.27,0.688,4.15478902873875,,0.028,,1,0.08,7,0
ENSG00000149600,COMMD7,20,-0.209,1,4.86,0.184,4.616023654653256,0.259345,0.178,,0,0.209,9,0
ENSG00000150627,WDR17,4,-0.051,1,4.49,0.311,5.068130179396973,,0.053,,1,0.051,5,0
ENSG00000150636,CCDC102B,18,-0.081,1,2.06,0.312,5.531454646966596,,-0.09,,1,0.081,7,0
ENSG00000150867,PIP4K2A,10,-0.07,1,6.78,0.374,5.254564994205045,0.140753,-0.046,,1,0.07,6,0
ENSG00000151208,DLG5,10,-0.084,1,4.96,0.296,5.132695046833319,0.236542,-0.038,,1,0.084,7,0
ENSG00000151247,EIF4E,4,-0.047,1,6.14,0.226,4.7705132770985035,0.108832,-0.014,,1,0.047,5,0
ENSG00000151327,FAM177A1,14,-0.063,1,4.74,0.223,4.83393717867444,,0.135,,1,0.063,6,0
ENSG00000151348,EXT2,11,-0.282,1,4.55,0.171,5.175746582026732,0.255487,-0.301,chr11_44066439_G_T_b38,0,0.282,9,0
ENSG00000151657,KIN,10,-0.146,1,3.33,0.195,4.568436414416885,,0.106,,0,0.146,8,0
ENSG00000151689,INPP1,2,-0.247,1,4.54,0.241,4.4501875018958374,0.310623,-0.247,,0,0.247,9,0
ENSG00000151694,ADAM17,2,-0.14,1,3.84,0.288,4.828060233663546,-0.120932,-0.153,,0,0.14,8,0
ENSG00000151917,BEND6,6,-0.165,1,5.02,0.322,4.858639443236375,0.521133,-0.356,,0,0.165,9,0
ENSG00000152061,RABGAP1L,1,-0.083,1,6.03,0.239,5.922153805677594,,-0.09,,1,0.083,7,0
ENSG00000152749,GPR180,13,-0.21,1,4.18,0.238,4.515118468104545,,-0.189,,0,0.21,9,0
ENSG00000152926,ZNF117,7,-0.047,1,4.03,0.337,4.5429374082326195,0.50846,0.11,,1,0.047,5,0
ENSG00000153495,TEX29,13,-0.12,1,1.37,0.645,4.448180520874052,0.590267,0.116,chr13_111327803_T_C_b38,0,0.12,8,0
ENSG00000154319,FAM167A,8,-0.151,1,4.82,0.509,4.726344078716337,0.20905,0.012,,0,0.151,8,0
ENSG00000154479,CCDC173,2,-0.351,1,1.87,0.519,4.690275841077971,0.52698,0.491,,0,0.351,9,0
ENSG00000154727,GABPA,21,-0.074,1,3.97,0.308,4.578536067105318,,-0.092,,1,0.074,7,0
ENSG00000154803,FLCN,17,-0.219,1,6.21,0.361,4.397540273842457,0.260859,-0.188,chr17_17228555_T_C_b38,0,0.219,9,0
ENSG00000154845,PPP4R1,18,-0.073,1,4.78,0.198,4.835373452470009,,0.045,,1,0.073,6,0
ENSG00000154898,CCDC144CP,17,-0.185,1,3.43,0.551,4.915895587161119,,0.116,,0,0.185,9,0
ENSG00000154978,VOPP1,7,-0.215,1,5.83,0.178,5.136508123012272,,0.013,,0,0.215,9,0
ENSG00000155085,AK9,6,-0.205,1,3.35,0.267,5.297458478448398,0.484804,-0.122,,0,0.205,9,0
ENSG00000155090,KLF10,8,-0.102,1,3.02,0.531,3.852723910791206,,0.034,,0,0.102,8,0
ENSG00000155099,PIP4P2,8,-0.048,1,4.35,0.234,4.674576414677026,,-0.067,,1,0.048,5,0
ENSG00000155393,HEATR3,16,-0.267,1,3.17,0.257,4.606886315027087,0.500658,-0.424,,0,0.267,9,0
ENSG00000155508,CNOT8,5,-0.068,1,4.92,0.252,4.284227639593481,0.254961,0.096,,1,0.068,6,0
ENSG00000155660,PDIA4,7,-0.219,1,4.24,0.391,4.407900540142635,0.35786,-0.233,,0,0.219,9,0
ENSG00000155858,LSM11,5,-0.045,1,4.46,0.312,4.230831953431828,,-0.102,,2,0.045,5,0
ENSG00000156113,KCNMA1,10,-0.053,1,7.42,0.206,5.885795862433147,,0.067,,1,0.053,5,0
ENSG00000156381,ANKRD9,14,-0.174,1,5.6,0.377,3.905256048748451,0.370732,-0.138,,0,0.174,9,0
ENSG00000156603,MED19,11,-0.054,1,3.75,0.221,3.935003151453655,,0.006,,1,0.054,5,0
ENSG00000156876,SASS6,1,-0.112,1,1.57,0.324,4.693665404859221,0.102253,-0.062,,0,0.112,8,0
ENSG00000156958,GALK2,15,-0.047,1,3.77,0.236,5.326774031413512,,0.061,,1,0.047,5,0
ENSG00000157150,TIMP4,3,-0.163,1,1.64,0.436,3.799409479615127,0.159462,-0.137,,0,0.163,9,0
ENSG00000157181,C1orf27,1,-0.094,1,4.02,0.293,4.658402562724309,,0.043,chr1_186315674_T_G_b38,0,0.094,7,0
ENSG00000157379,DHRS1,14,-0.305,1,3.17,0.328,3.9654839242451385,0.646462,-0.363,,0,0.305,9,0
ENSG00000157637,SLC38A10,17,-0.208,1,4.88,0.308,4.703703976818275,0.279385,0.109,chr17_81294933_T_C_b38,0,0.208,9,0
ENSG00000157693,TMEM268,9,-0.173,1,5.57,0.286,4.546752357340005,0.197027,-0.057,,0,0.173,9,0
ENSG00000157837,SPPL3,12,-0.167,1,5.33,0.157,5.151866078329663,0.285245,0.382,,0,0.167,9,0
ENSG00000157870,FAM213B,1,-0.197,1,5.48,0.265,3.6971421262754594,0.230514,-0.062,chr1_2795066_G_A_b38,0,0.197,9,0
ENSG00000157895,C12orf43,12,-0.099,1,4.76,0.209,4.204581175577571,0.370155,-0.197,,0,0.099,7,0
ENSG00000158234,FAIM,3,-0.238,1,2.49,0.268,4.393943539315575,0.399892,-0.214,,0,0.238,9,0
ENSG00000158604,TMED4,7,-0.047,1,5.44,0.205,3.642860052584491,0.189373,0.066,,1,0.047,5,0
ENSG00000158985,CDC42SE2,5,-0.048,1,5.99,0.202,5.184563678358403,0.130258,0.015,,1,0.048,5,0
ENSG00000159063,ALG8,11,-0.329,1,3.25,0.207,4.587991426431244,0.35482,0.338,,0,0.329,9,0
ENSG00000159111,MRPL10,17,-0.072,1,4.3,0.201,3.917137752756444,0.259573,-0.26,chr17_47833699_A_G_b38,1,0.072,6,0
ENSG00000159199,ATP5G1,17,-0.091,1,4.69,0.302,3.4923412532549745,0.324093,-0.116,,0,0.091,7,0
ENSG00000159202,UBE2Z,17,-0.32,1,5.68,0.184,4.315718507536319,,0.109,,0,0.32,9,0
ENSG00000159674,SPON2,4,-0.297,1,1.85,0.819,4.623569722846634,0.344587,-0.263,,0,0.297,9,0
ENSG00000159905,ZNF221,19,-0.079,1,1.52,0.417,4.217141637938281,,0.04,,1,0.079,7,0
ENSG00000159915,ZNF233,19,-0.076,1,2.3,0.313,4.18859103659399,,0.063,,1,0.076,7,0
ENSG00000160282,FTCD,21,-0.235,1,1.92,0.805,4.285692301854088,0.57093,-0.276,chr21_46184081_A_G_b38,0,0.235,9,0
ENSG00000160606,TLCD1,17,-0.087,1,1.58,0.685,3.5548524343720547,,-0.022,,0,0.087,7,0
ENSG00000160688,FLAD1,1,-0.068,1,3.62,0.177,3.990072334692153,,0.005,,1,0.068,6,0
ENSG00000160710,ADAR,1,-0.123,1,7.49,0.15,4.662172083417314,,-0.075,,0,0.123,8,0
ENSG00000161551,ZNF577,19,-0.252,1,3.52,0.363,4.9351796580530785,0.499903,0.256,,0,0.252,9,0
ENSG00000161618,ALDH16A1,19,-0.144,1,2.4,0.419,4.252367514459899,0.470719,-0.384,chr19_49453017_C_G_b38,0,0.144,8,0
ENSG00000161638,ITGA5,12,-0.147,1,3.01,0.645,4.383815365980431,,-0.089,,0,0.147,8,0
ENSG00000161999,JMJD8,16,-0.068,1,4.5,0.234,3.4560622244549513,0.031561,-0.077,,1,0.068,6,0
ENSG00000162244,RPL29,3,-0.069,1,6.72,0.231,3.369772288596963,,-0.077,,1,0.069,6,0
ENSG00000162377,COA7,1,-0.091,1,3.97,0.273,4.143514420075551,0.256036,-0.115,,0,0.091,7,0
ENSG00000162378,ZYG11B,1,-0.117,1,6.26,0.26,5.0037878529824615,0.327673,-0.09,,0,0.117,8,0
ENSG00000162729,IGSF8,1,-0.074,1,6.6,0.344,3.8810421081934057,,-0.071,,1,0.074,7,0
ENSG00000162769,FLVCR1,1,-0.069,1,3.46,0.248,4.613936912446511,0.226409,-0.103,chr1_212904839_A_T_b38,1,0.069,6,0
ENSG00000162819,BROX,1,-0.065,1,4.95,0.23,4.354953146212556,0.124987,0.004,,1,0.065,6,0
ENSG00000162869,PPP1R21,2,-0.188,1,5.06,0.189,4.873866760011435,0.368548,-0.276,,0,0.188,9,0
ENSG00000162961,DPY30,2,-0.049,1,3.98,0.215,5.2355385466617825,-0.014703,-0.051,,1,0.049,5,0
ENSG00000163161,ERCC3,2,-0.122,1,5.16,0.173,4.566873335724887,0.332565,-0.014,,0,0.122,8,0
ENSG00000163281,GNPDA2,4,-0.172,1,4.38,0.227,4.647343842723098,0.441862,-0.003,,0,0.172,9,0
ENSG00000163291,PAQR3,4,-0.118,1,4.54,0.284,4.718601324354708,0.210192,-0.036,,0,0.118,8,0
ENSG00000163319,MRPS18C,4,-0.053,1,3.69,0.228,4.140004950619449,,0.061,,1,0.053,5,0
ENSG00000163378,EOGT,3,-0.049,1,3.07,0.342,4.588249291064787,0.248459,0.02,,1,0.049,5,0
ENSG00000163528,CHCHD4,3,-0.155,1,3.32,0.26,4.107006346381544,,-0.15,,0,0.155,9,0
ENSG00000163629,PTPN13,4,-0.07,1,5.02,0.339,5.344111168653028,,-0.109,,1,0.07,6,0
ENSG00000163682,RPL9,4,-0.179,1,7.87,0.296,3.6834973176798114,0.619576,0.23,,0,0.179,9,0
ENSG00000163702,IL17RC,3,-0.172,1,3.99,0.358,4.218981648784926,0.289087,-0.1,,0,0.172,9,0
ENSG00000163738,MTHFD2L,4,-0.052,1,3.05,0.235,5.27629172965034,,-0.049,,1,0.052,5,0
ENSG00000163879,DNALI1,1,-0.2,1,3.67,0.359,3.9973426906016223,0.5267,-0.059,chr1_37545150_C_T_b38,0,0.2,9,0
ENSG00000163902,RPN1,3,-0.078,1,5.88,0.2,4.786083855724667,,0.08,,1,0.078,7,0
ENSG00000163913,IFT122,3,-0.189,1,4.96,0.258,4.905644795140426,0.434891,0.037,,0,0.189,9,0
ENSG00000164002,EXO5,1,-0.082,1,1.82,0.341,3.892984550710717,0.186459,-0.075,,1,0.082,7,0
ENSG00000164068,RNF123,3,-0.069,1,5.13,0.267,4.505570497443171,0.231532,0.019,,1,0.069,6,0
ENSG00000164171,ITGA2,5,-0.05,1,2.35,0.5,5.023063057712116,,-0.069,,1,0.05,5,0
ENSG00000164197,RNF180,5,-0.074,1,3.38,0.268,5.316024891096777,0.23324,-0.174,,1,0.074,7,0
ENSG00000164347,GFM2,5,-0.323,1,4.12,0.23,4.664341061300607,0.477132,0.071,,0,0.323,9,0
ENSG00000164414,SLC35A1,6,-0.396,1,3.8,0.301,4.620281836804235,,-0.388,,0,0.396,9,0
ENSG00000164597,COG5,7,-0.242,1,4.4,0.195,5.55985876625796,,-0.222,,0,0.242,9,0
ENSG00000164880,INTS1,7,-0.25,1,6.22,0.373,4.532639740686568,0.596478,0.239,chr7_1482539_A_G_b38,0,0.25,9,0
ENSG00000164904,ALDH7A1,5,-0.251,1,6.29,0.441,4.8076635385730055,,-0.272,chr5_126584126_T_C_b38,0,0.251,9,0
ENSG00000165097,KDM1B,6,-0.068,1,3.76,0.303,4.835849044211536,,-0.051,,1,0.068,6,0
ENSG00000165282,PIGO,9,-0.081,1,3.55,0.25,3.898396045930009,0.093828,-0.057,,1,0.081,7,0
ENSG00000165300,SLITRK5,13,-0.078,1,5.69,0.31,4.373978027456867,,-0.047,,1,0.078,7,0
ENSG00000165379,LRFN5,14,-0.099,1,4.94,0.345,5.472727202912817,-0.091797,-0.101,,0,0.099,7,0
ENSG00000165416,SUGT1,13,-0.062,1,6.44,0.202,4.683056048404344,,-0.041,,1,0.062,6,0
ENSG00000165733,BMS1,10,-0.22,1,5.16,0.161,4.717146037938382,0.359429,0.178,,0,0.22,9,0
ENSG00000166025,AMOTL1,11,-0.095,1,4.51,0.229,5.231273297983879,,-0.072,,0,0.095,7,0
ENSG00000166275,BORCS7,10,-0.293,1,4.48,0.268,4.030963842378275,0.666821,-0.158,,0,0.293,9,0
ENSG00000166394,CYB5R2,11,-0.116,1,2.4,0.579,4.08361010516231,,-0.035,,0,0.116,8,0
ENSG00000166750,SLFN5,17,-0.199,1,3.19,0.413,4.4860051863622425,0.444913,0.229,chr17_35244527_G_A_b38,0,0.199,9,0
ENSG00000166923,GREM1,15,-0.052,1,3.29,0.679,4.433513820664543,,0.018,,1,0.052,5,0
ENSG00000167272,POP5,12,-0.157,1,3.17,0.252,3.4207806195485655,0.439494,-0.085,,0,0.157,9,0
ENSG00000167325,RRM1,11,-0.128,1,3.73,0.24,4.645127399258391,0.420041,-0.247,chr11_4094744_C_A_b38,0,0.128,8,0
ENSG00000167528,ZNF641,12,-0.204,1,4.51,0.235,4.153357471482974,,-0.225,,0,0.204,9,0
ENSG00000167965,MLST8,16,-0.05,1,5.09,0.305,3.713406532167691,0.274163,-0.091,chr16_2198228_C_A_b38,1,0.05,5,0
ENSG00000168228,ZCCHC4,4,-0.131,1,1.93,0.282,4.760414943523006,,0.023,chr4_25308421_C_G_b38,0,0.131,8,0
ENSG00000168958,MFF,2,-0.065,1,5.75,0.149,4.514361776370574,0.392965,0.038,,1,0.065,6,0
ENSG00000169006,NTSR2,2,-0.08,1,4.22,0.634,4.078710505328276,0.20556,-0.087,,1,0.08,7,0
ENSG00000169155,ZBTB43,9,-0.062,1,4.72,0.182,4.521203484574863,,-0.023,,1,0.062,6,0
ENSG00000169764,UGP2,2,-0.077,1,6.95,0.222,4.704347878570941,,-0.104,,1,0.077,7,0
ENSG00000169884,WNT10B,12,-0.205,1,3.77,0.381,3.807805532270625,0.332291,-0.214,,0,0.205,9,0
ENSG00000170260,ZNF212,7,-0.065,1,2.82,0.228,4.203005674728483,,0.254,,1,0.065,6,0
ENSG00000170324,FRMPD2,10,-0.083,1,2.83,0.691,5.085586668251908,0.334424,-0.086,chr10_48182406_G_T_b38,1,0.083,7,0
ENSG00000170632,ARMC10,7,-0.143,1,4.49,0.196,4.395920192670632,0.280416,-0.126,,0,0.143,8,0
ENSG00000170786,SDR16C5,8,-0.116,1,1.83,0.548,4.317373762902532,0.119887,-0.074,,0,0.116,8,0
ENSG00000170903,MSANTD4,11,-0.074,1,4.91,0.245,4.4278267894935235,,-0.108,,1,0.074,7,0
ENSG00000170915,PAQR8,6,-0.184,1,6.77,0.412,4.666115322770356,0.39786,-0.108,chr6_52372026_C_T_b38,0,0.184,9,0
ENSG00000170949,ZNF160,19,-0.121,1,4.62,0.223,4.566213510562382,,-0.16,chr19_53114565_C_T_b38,0,0.121,8,0
ENSG00000171067,C11orf24,11,-0.101,1,3.1,0.257,4.028042295090749,,-0.116,,0,0.101,8,0
ENSG00000171103,TRMT61B,2,-0.1,1,2.74,0.253,4.31135115757134,0.440507,-0.377,chr2_29006831_C_T_b38,0,0.1,8,0
ENSG00000171130,ATP6V0E2,7,-0.162,1,7.32,0.338,3.888235673270567,0.534506,-0.08,,0,0.162,9,0
ENSG00000171160,MORN4,10,-0.31,1,4.63,0.232,4.277563376055919,0.605311,-0.444,chr10_97633477_G_A_b38,0,0.31,9,0
ENSG00000171497,PPID,4,-0.054,1,4.95,0.334,4.154210882206974,,-0.058,,1,0.054,5,0
ENSG00000171502,COL24A1,1,-0.106,1,3.37,0.716,5.631150419716407,,0.035,,0,0.106,8,0
ENSG00000171714,ANO5,11,-0.118,1,4.67,0.275,4.955119862588784,,-0.235,,0,0.118,8,0
ENSG00000171759,PAH,12,-0.109,1,1.62,0.564,5.084669203436726,0.586238,-0.026,,0,0.109,8,0
ENSG00000171772,SYCE1,10,-0.26,1,2.83,0.638,4.202352067809752,0.388331,-0.054,,0,0.26,9,0
ENSG00000171867,PRNP,20,-0.059,1,8.44,0.223,4.1862498207790875,,-0.045,chr20_4613886_C_T_b38,1,0.059,6,0
ENSG00000172059,KLF11,2,-0.063,1,2.29,0.358,4.078746734273607,,0.041,,1,0.063,6,0
ENSG00000172167,MTBP,8,-0.112,1,1.44,0.512,4.985579146441912,0.374835,-0.166,,0,0.112,8,0
ENSG00000172175,MALT1,18,-0.22,1,3.92,0.245,4.919559212435094,,-0.199,,0,0.22,9,0
ENSG00000172247,C1QTNF4,11,-0.072,1,3.51,0.623,3.6986224297020978,,-0.061,,1,0.072,6,0
ENSG00000172269,DPAGT1,11,-0.093,1,3.85,0.229,4.072948031792886,,0.087,,0,0.093,7,0
ENSG00000172500,FIBP,11,-0.178,1,5.2,0.283,3.681150749932421,0.338582,-0.098,,0,0.178,9,0
ENSG00000172590,MRPL52,14,-0.049,1,3.82,0.204,3.712565527873308,,0.023,,1,0.049,5,0
ENSG00000172728,FUT10,8,-0.203,1,2.53,0.489,5.011143127865482,0.201445,0.205,,0,0.203,9,0
ENSG00000172785,CBWD1,9,-0.388,1,3.61,0.352,4.764250875438774,0.436599,-0.304,chr9_114181_A_AGG_b38,0,0.388,9,0
ENSG00000172889,EGFL7,9,-0.052,1,5.09,0.398,4.140602308020332,,-0.063,,1,0.052,5,0
ENSG00000173041,ZNF680,7,-0.082,1,4.36,0.357,4.635714906883866,0.331644,-0.128,,1,0.082,7,0
ENSG00000173210,ABLIM3,5,-0.192,1,4.98,0.256,5.075765878215734,0.572851,-0.189,,0,0.192,9,0
ENSG00000173214,MFSD4B,6,-0.155,1,3.03,0.276,4.072617476545236,,-0.056,,0,0.155,9,0
ENSG00000173705,SUSD5,3,-0.14,1,3.78,0.317,4.839942889567655,0.356946,-0.082,,0,0.14,8,0
ENSG00000173715,C11orf80,11,-0.252,1,3.19,0.363,4.9950996733824,0.418483,0.008,,0,0.252,9,0
ENSG00000174080,CTSF,11,-0.099,1,6.34,0.227,3.730701544281845,0.13612,0.081,,0,0.099,7,0
ENSG00000174109,C16orf91,16,-0.067,1,2.45,0.317,3.024074987307426,,-0.035,,1,0.067,6,0
ENSG00000174165,ZDHHC24,11,-0.265,1,4.0,0.2,4.4082738932429555,0.3487,-0.275,,0,0.265,9,0
ENSG00000174453,VWC2L,2,-0.055,1,2.15,0.476,5.225037762816172,-0.009529,-0.054,,1,0.055,5,0
ENSG00000174720,LARP7,4,-0.16,1,5.0,0.249,4.314478175864182,,-0.168,,0,0.16,9,0
ENSG00000174775,HRAS,11,-0.2,1,5.04,0.29,3.702947246181556,0.466932,-0.203,,0,0.2,9,0
ENSG00000175161,CADM2,3,-0.062,1,7.56,0.262,6.047449718479191,,-0.08,,1,0.062,6,0
ENSG00000175279,CENPS,1,-0.123,1,1.89,0.295,4.092264360788348,7e-05,-0.156,,0,0.123,8,0
ENSG00000175309,PHYKPL,5,-0.102,1,4.01,0.291,4.385516903399025,,0.023,chr5_178156368_G_C_b38,0,0.102,8,0
ENSG00000175611,LINC00476,9,-0.198,1,2.33,0.279,5.067245729493521,,0.165,chr9_95887764_A_G_b38,0,0.198,9,0
ENSG00000175701,LINC00116,2,-0.26,1,3.16,0.432,4.530097197734845,0.301098,-0.239,,0,0.26,9,0
ENSG00000175787,ZNF169,9,-0.052,1,2.87,0.297,4.62473575328169,0.150498,-0.086,,1,0.052,5,0
ENSG00000175806,MSRA,8,-0.082,1,3.99,0.251,5.573595596674258,,-0.047,chr8_10152023_G_A_b38,1,0.082,7,0
ENSG00000177239,MAN1B1,9,-0.062,1,5.34,0.263,4.347544669645012,0.441988,0.011,,1,0.062,6,0
ENSG00000177595,PIDD1,11,-0.121,1,4.07,0.563,4.02428037604708,0.259883,-0.108,,0,0.121,8,0
ENSG00000177663,IL17RA,22,-0.113,1,4.1,0.35,4.487717990926187,0.321672,-0.206,,0,0.113,8,0
ENSG00000177683,THAP5,7,-0.091,1,4.47,0.227,4.1820721038573865,0.147111,-0.064,,0,0.091,7,0
ENSG00000177707,NECTIN3,3,-0.082,1,3.32,0.318,5.312797032474124,,0.073,,1,0.082,7,0
ENSG00000179163,FUCA1,1,-0.062,1,2.66,0.292,4.365824806859364,,-0.06,,1,0.062,6,0
ENSG00000179344,HLA-DQB1,6,-0.218,1,1.39,1.975,3.9502187666418633,0.768274,0.355,,0,0.218,9,0
ENSG00000179399,GPC5,13,-0.099,1,3.31,0.567,6.168814396944907,0.318619,-0.11,,0,0.099,7,0
ENSG00000180104,EXOC3,5,-0.324,1,5.66,0.22,4.4590907896005865,0.525453,0.104,chr5_430102_C_T_b38,0,0.324,9,0
ENSG00000180769,WDFY3-AS2,4,-0.056,1,3.74,0.398,4.6589267449862755,,0.063,,1,0.056,5,0
ENSG00000180777,ANKRD30B,18,-0.088,1,1.77,0.732,5.095054221972937,0.073533,0.063,,0,0.088,7,0
ENSG00000181523,SGSH,17,-0.157,1,3.62,0.404,4.1525329484345255,,-0.088,,0,0.157,9,0
ENSG00000181817,LSM10,1,-0.101,1,3.59,0.267,3.823148059810694,0.317787,-0.126,chr1_36393562_T_C_b38,0,0.101,8,0
ENSG00000182149,IST1,16,-0.196,1,6.1,0.153,4.930459983700386,0.201742,-0.205,,0,0.196,9,0
ENSG00000182154,MRPL41,9,-0.066,1,5.86,0.375,3.132579847659737,,0.051,chr9_137551196_G_T_b38,1,0.066,6,0
ENSG00000182165,TP53TG1,7,-0.131,1,1.71,0.281,4.307303450866765,0.156425,0.082,,0,0.131,8,0
ENSG00000182253,SYNM,15,-0.056,1,7.04,0.351,4.5726044405492035,,-0.046,,1,0.056,5,0
ENSG00000182362,YBEY,21,-0.426,1,2.21,0.411,4.057475915826254,0.603492,-0.405,chr21_46306418_C_G_b38,0,0.426,9,0
ENSG00000182670,TTC3,21,-0.138,1,8.42,0.189,5.11356568601689,0.342748,-0.185,,0,0.138,8,0
ENSG00000182858,ALG12,22,-0.083,1,3.34,0.249,4.260786668654976,-0.052598,0.086,,1,0.083,7,0
ENSG00000182923,CEP63,3,-0.18,1,4.51,0.157,4.950729858864819,0.199094,-0.197,,0,0.18,9,0
ENSG00000182968,SOX1,13,-0.047,1,1.66,0.472,3.4536240735914507,-0.032638,-0.09,,1,0.047,5,0
ENSG00000183604,SMG1P5,16,-0.276,1,3.2,0.507,4.831370592521938,,-0.283,,0,0.276,9,0
ENSG00000183605,SFXN4,10,-0.132,1,3.32,0.256,4.396216788290972,0.539299,-0.226,chr10_119161076_T_C_b38,0,0.132,8,0
ENSG00000183891,TTC32,2,-0.29,1,1.49,0.437,3.727866449467489,0.526177,-0.253,,0,0.29,9,0
ENSG00000184206,GOLGA6L4,15,-0.078,1,2.03,0.533,3.982090239295793,0.639612,0.392,,1,0.078,7,0
ENSG00000184227,ACOT1,14,-0.052,1,2.31,0.984,3.8248414717537007,0.671319,-0.039,chr14_73528031_C_T_b38,1,0.052,5,0
ENSG00000184277,TM2D3,15,-0.163,1,5.38,0.238,4.490632588185562,0.282303,0.149,chr15_101693600_C_T_b38,0,0.163,9,0
ENSG00000184313,MROH7,1,-0.087,1,3.69,0.617,4.835772984523039,0.326503,-0.069,,0,0.087,7,0
ENSG00000184381,PLA2G6,22,-0.127,1,4.59,0.279,4.974032461022055,,0.131,,0,0.127,8,0
ENSG00000184465,WDR27,6,-0.077,1,3.25,0.348,5.388877049427755,0.360776,0.136,,1,0.077,7,0
ENSG00000184500,PROS1,3,-0.066,1,2.82,0.407,5.004467547322978,0.078448,0.024,,1,0.066,6,0
ENSG00000184517,ZFP1,16,-0.077,1,3.93,0.248,4.375572173918037,0.435909,-0.019,chr16_75149066_A_AG_b38,1,0.077,7,0
ENSG00000184677,ZBTB40,1,-0.083,1,4.78,0.251,4.899311521834685,,-0.078,,1,0.083,7,0
ENSG00000184743,ATL3,11,-0.078,1,4.86,0.308,4.67974577829864,0.065174,0.077,,1,0.078,7,0
ENSG00000184939,ZFP90,16,-0.068,1,4.91,0.163,4.662597301882015,0.291507,-0.264,,1,0.068,6,0
ENSG00000184983,NDUFA6,22,-0.119,1,5.19,0.207,3.7348798027926273,0.501836,-0.003,,0,0.119,8,0
ENSG00000185015,CA13,8,-0.265,1,1.79,0.373,4.802684805508306,0.353453,-0.231,,0,0.265,9,0
ENSG00000185019,UBOX5,20,-0.095,1,3.57,0.257,4.7211838561385795,0.317781,0.202,,0,0.095,7,0
ENSG00000185250,PPIL6,6,-0.197,1,2.5,0.304,4.7072038517880985,0.109839,-0.156,,0,0.197,9,0
ENSG00000185324,CDK10,16,-0.212,1,5.46,0.358,4.193903402552746,0.435475,0.061,chr16_89686659_GGGCCGTCCGCGTCTGCGCCTGCGCGCAAGAGA_G_b38,0,0.212,9,0
ENSG00000185532,PRKG1,10,-0.062,1,3.31,0.388,6.116273261590098,0.585469,-0.114,,1,0.062,6,0
ENSG00000185585,OLFML2A,9,-0.097,1,2.04,0.603,4.576663783414995,0.166335,0.01,,0,0.097,7,0
ENSG00000185615,PDIA2,16,-0.046,1,4.47,0.73,3.608953699275862,,-0.067,chr16_283017_G_T_b38,1,0.046,5,0
ENSG00000185658,BRWD1,21,-0.091,1,6.56,0.2,5.137936156913308,,0.059,,0,0.091,7,0
ENSG00000185904,LINC00839,10,-0.306,1,2.26,0.48,4.296533565928987,0.538465,-0.422,,0,0.306,9,0
ENSG00000185988,PLK5,19,-0.088,1,1.66,0.62,4.056256735850139,,-0.054,chr19_1525855_G_A_b38,0,0.088,7,0
ENSG00000186222,BLOC1S4,4,-0.059,1,2.13,0.277,3.208710019906401,,-0.036,,1,0.059,6,0
ENSG00000186532,SMYD4,17,-0.113,1,3.73,0.166,4.708845638048179,-0.048437,0.019,,0,0.113,8,0
ENSG00000186792,HYAL3,3,-0.074,1,2.14,0.43,3.822037248072585,0.607855,0.242,chr3_50295266_G_A_b38,1,0.074,7,0
ENSG00000186908,ZDHHC17,12,-0.154,1,5.78,0.216,4.954768170059357,-0.130672,0.16,,0,0.154,9,0
ENSG00000186960,LINC01551,14,-0.125,1,1.94,0.409,4.610127613075996,,-0.186,,0,0.125,8,0
ENSG00000187049,TMEM216,11,-0.247,1,2.75,0.304,3.855942946232316,0.367217,-0.137,,0,0.247,9,0
ENSG00000187608,ISG15,1,-0.089,1,2.67,0.771,4.1272344191632335,,-0.1,,0,0.089,7,0
ENSG00000187609,EXD3,9,-0.057,1,3.61,0.46,5.065829838133072,0.055654,-0.082,,1,0.057,6,0
ENSG00000187630,DHRS4L2,14,-0.062,1,2.93,0.327,4.562709111681236,0.548232,-0.059,chr14_23977958_T_C_b38,1,0.062,6,0
ENSG00000187741,FANCA,16,-0.137,1,1.9,0.387,4.898225894723857,0.106798,-0.15,,0,0.137,8,0
ENSG00000188002,AC026412.1,5,-0.246,1,2.57,0.508,4.545133859040489,,-0.207,,0,0.246,9,0
ENSG00000189077,TMEM120A,7,-0.094,1,4.16,0.212,3.8933733302460247,,-0.099,,0,0.094,7,0
ENSG00000189171,S100A13,1,-0.271,1,5.53,0.453,4.099473456014168,0.665527,-0.328,,0,0.271,9,0
ENSG00000189298,ZKSCAN3,6,-0.178,1,2.0,0.343,4.284746469577731,0.394408,-0.062,,0,0.178,9,0
ENSG00000196204,RNF216P1,7,-0.049,1,3.63,0.23,4.824047692947393,,-0.137,chr7_4960457_C_T_b38,1,0.049,5,0
ENSG00000196220,SRGAP3,3,-0.067,1,6.72,0.186,5.582589427272462,,-0.031,,1,0.067,6,0
ENSG00000196235,SUPT5H,19,-0.175,1,7.0,0.193,4.607615843243132,0.338363,-0.177,,0,0.175,9,0
ENSG00000196263,ZNF471,19,-0.111,1,4.2,0.298,4.349840676285945,0.393788,0.035,,0,0.111,8,0
ENSG00000196268,ZNF493,19,-0.328,1,4.07,0.274,4.48365860383744,0.449359,-0.331,,0,0.328,9,0
ENSG00000196275,GTF2IRD2,7,-0.125,1,3.26,0.42,4.7435724742053855,0.11815,-0.094,chr7_74720592_C_T_b38,0,0.125,8,0
ENSG00000196295,AC005154.1,7,-0.353,1,5.16,0.367,4.8948751891237965,,-0.08,,0,0.353,9,0
ENSG00000196458,ZNF605,12,-0.141,1,4.92,0.271,4.579772167664273,0.318044,-0.126,,0,0.141,8,0
ENSG00000196655,TRAPPC4,11,-0.294,1,4.15,0.229,3.846522668416287,0.587758,-0.076,,0,0.294,9,0
ENSG00000196670,ZFP62,5,-0.148,1,3.93,0.211,4.135927335005468,0.173042,0.111,,0,0.148,8,0
ENSG00000196704,AMZ2,17,-0.178,1,5.79,0.22,3.98186389099135,,0.011,chr17_68221264_CTATT_C_b38,0,0.178,9,0
ENSG00000196793,ZNF239,10,-0.144,1,1.65,0.367,4.261857385629898,0.167994,-0.12,,0,0.144,8,0
ENSG00000196922,ZNF252P,8,-0.138,1,4.42,0.294,4.466971364322843,,-0.274,,0,0.138,8,0
ENSG00000196943,NOP9,14,-0.059,1,5.32,0.143,3.966751664051378,,-0.063,,1,0.059,6,0
ENSG00000197345,MRPL21,11,-0.433,1,4.01,0.308,4.098989639401177,0.802936,-0.009,chr11_68903812_G_GCCGCCGCCATCTTC_b38,0,0.433,9,0
ENSG00000197857,ZNF44,19,-0.065,1,2.83,0.273,4.8463494850157165,,0.027,,1,0.065,6,0
ENSG00000197937,ZNF347,19,-0.065,1,3.49,0.251,4.544117675169358,0.136988,-0.01,chr19_53114565_C_T_b38,1,0.065,6,0
ENSG00000197958,RPL12,9,-0.081,1,6.68,0.238,3.571941635074462,0.579442,-0.229,,1,0.081,7,0
ENSG00000197978,GOLGA6L9,15,-0.064,1,3.5,0.426,3.9607560909017727,0.286978,-0.094,chr15_82377956_A_G_b38,1,0.064,6,0
ENSG00000198075,SULT1C4,2,-0.096,1,1.94,0.652,4.006337660374551,0.22621,-0.131,chr2_108985508_T_C_b38,0,0.096,7,0
ENSG00000198089,SFI1,22,-0.102,1,4.7,0.343,5.113605807761607,0.271636,-0.169,chr22_31804863_C_T_b38,0,0.102,8,0
ENSG00000198105,ZNF248,10,-0.103,1,5.12,0.209,4.911589024489536,0.031005,-0.038,,0,0.103,8,0
ENSG00000198131,ZNF544,19,-0.068,1,4.32,0.194,4.689326621315884,,-0.128,,1,0.068,6,0
ENSG00000198189,HSD17B11,4,-0.115,1,3.69,0.312,4.738598243341037,,-0.04,chr4_87410825_C_A_b38,0,0.115,8,0
ENSG00000198315,ZKSCAN8,6,-0.164,1,4.47,0.247,4.244598701328868,0.306197,0.182,,0,0.164,9,0
ENSG00000198478,SH3BGRL2,6,-0.08,1,5.77,0.242,4.859600577798882,0.307091,-0.074,,1,0.08,7,0
ENSG00000198547,C20orf203,20,-0.073,1,1.82,0.625,4.626237685146901,0.436222,-0.053,chr20_32687437_C_T_b38,1,0.073,6,0
ENSG00000198642,KLHL9,9,-0.075,1,4.55,0.228,3.756636108245848,,-0.039,,1,0.075,7,0
ENSG00000198677,TTC37,5,-0.055,1,5.62,0.221,4.959580346517151,0.162908,-0.093,,1,0.055,5,0
ENSG00000198830,HMGN2,1,-0.059,1,5.95,0.432,3.5469126431812423,,0.056,,1,0.059,6,0
ENSG00000198836,OPA1,3,-0.067,1,6.17,0.239,5.019863713967843,0.182615,-0.075,,1,0.067,6,0
ENSG00000198890,PRMT6,1,-0.222,1,2.78,0.299,3.4176377396522297,0.362702,0.26,,0,0.222,9,0
ENSG00000198945,L3MBTL3,6,-0.059,1,2.75,0.244,5.106371107383251,,0.006,chr6_130053316_T_A_b38,1,0.059,6,0
ENSG00000204351,SKIV2L,6,-0.159,1,5.03,0.245,4.02840856511547,0.481864,-0.12,,0,0.159,9,0
ENSG00000204381,LAYN,11,-0.08,1,2.37,0.504,4.331751125024443,0.437681,0.043,,1,0.08,7,0
ENSG00000204514,ZNF814,19,-0.219,1,4.8,0.253,4.605778955151077,0.418575,-0.199,chr19_57849960_G_C_b38,0,0.219,9,0
ENSG00000204588,LINC01123,2,-0.148,1,4.2,0.588,3.9579901784068303,0.302859,-0.145,chr2_110362274_A_G_b38,0,0.148,8,0
ENSG00000204604,ZNF468,19,-0.091,1,2.13,0.317,4.293185706706598,,-0.081,chr19_52853919_C_T_b38,0,0.091,7,0
ENSG00000204650,LINC02210,17,-0.057,1,5.07,0.215,4.5419410053018625,,0.148,,1,0.057,6,0
ENSG00000204934,ATP6V0E2-AS1,7,-0.2,1,1.98,0.356,4.111060782069821,,-0.205,chr7_149877081_G_GGGTCTTGTCAAGACCCCT_b38,0,0.2,9,0
ENSG00000204956,PCDHGA1,5,-0.134,1,1.83,0.393,5.261051024207617,0.179691,-0.159,,0,0.134,8,0
ENSG00000205035,AC136759.1,11,-0.15,1,2.05,0.532,5.40118333923568,,0.02,,0,0.15,8,0
ENSG00000205084,TMEM231,16,-0.064,1,3.91,0.279,4.290991232025503,,0.125,,1,0.064,6,0
ENSG00000205090,TMEM240,1,-0.057,1,2.7,0.448,3.722633922533812,,-0.051,,1,0.057,6,0
ENSG00000205403,CFI,4,-0.068,1,1.75,0.784,4.788776240736422,,-0.046,,1,0.068,6,0
ENSG00000205485,AC004980.1,7,-0.143,1,2.35,0.376,4.895549611076394,,-0.218,,0,0.143,8,0
ENSG00000205593,DENND6B,22,-0.116,1,5.4,0.329,4.256019813380122,0.241589,0.154,,0,0.116,8,0
ENSG00000205808,PLPP6,9,-0.091,1,2.58,0.29,3.4689378056654614,,0.05,,0,0.091,7,0
ENSG00000206149,HERC2P9,15,-0.052,1,5.82,0.486,4.981243091503114,,-0.007,chr15_28622361_C_T_b38,1,0.052,5,0
ENSG00000212694,LINC01089,12,-0.089,1,3.98,0.417,3.936513742478893,0.369756,-0.177,,0,0.089,7,0
ENSG00000213246,SUPT4H1,17,-0.101,1,4.93,0.181,3.89867034296553,0.505573,0.238,,0,0.101,8,0
ENSG00000213639,PPP1CB,2,-0.14,1,7.34,0.223,4.710125830808679,0.302386,0.139,,0,0.14,8,0
ENSG00000213676,ATF6B,6,-0.076,1,5.53,0.21,4.4782489549966975,0.183664,0.049,,1,0.076,7,0
ENSG00000213965,NUDT19,19,-0.245,1,2.45,0.239,4.339173085633924,,-0.099,,0,0.245,9,0
ENSG00000213995,NAXD,13,-0.088,1,5.38,0.177,4.38976836093798,0.224854,-0.08,chr13_110635033_CTG_C_b38,0,0.088,7,0
ENSG00000214022,REPIN1,7,-0.137,1,5.87,0.233,3.767601068050336,,-0.137,,0,0.137,8,0
ENSG00000214087,ARL16,17,-0.429,1,3.85,0.27,3.4394905903896835,0.604691,-0.103,chr17_81682485_G_A_b38,0,0.429,9,0
ENSG00000214135,AC132008.2,3,-0.126,1,3.32,0.242,4.696303955650961,,-0.062,,0,0.126,8,0
ENSG00000214290,COLCA2,11,-0.107,1,1.44,0.49,4.007790437445979,0.121966,-0.11,,0,0.107,8,0
ENSG00000214376,VSTM5,11,-0.136,1,2.04,0.486,4.509202522331103,0.239468,-0.183,,0,0.136,8,0
ENSG00000214402,LCNL1,9,-0.237,1,4.54,0.75,3.6538875580709775,0.336876,-0.228,chr9_136981702_A_G_b38,0,0.237,9,0
ENSG00000214425,LRRC37A4P,17,-0.417,1,2.87,1.448,4.639436681999547,,0.452,,0,0.417,9,0
ENSG00000214575,CPEB1,15,-0.085,1,4.77,0.223,5.023914716633211,,0.245,,0,0.085,7,0
ENSG00000215012,RTL10,22,-0.185,1,4.93,0.267,3.9424545263424777,0.383361,-0.203,,0,0.185,9,0
ENSG00000215158,AC138409.2,5,-0.05,1,1.58,0.446,4.903627094146748,,0.089,,1,0.05,5,0
ENSG00000215251,FASTKD5,20,-0.18,1,3.59,0.281,4.126423653737339,,-0.136,,0,0.18,9,0
ENSG00000215440,NPEPL1,20,-0.086,1,4.61,0.494,4.478681907362235,0.320351,-0.081,,0,0.086,7,0
ENSG00000215559,ANKRD20A11P,21,-0.442,1,0.46,1.618,4.850425662940683,,-0.454,chr21_14060415_C_T_b38,0,0.442,9,0
ENSG00000215712,TMEM242,6,-0.087,1,4.29,0.213,4.534229237248755,0.357376,0.051,,0,0.087,7,0
ENSG00000222009,BTBD19,1,-0.103,1,1.4,0.472,3.8515029527705447,,-0.073,,0,0.103,8,0
ENSG00000224389,C4B,6,-0.056,1,5.45,0.973,4.315067249514216,0.144837,-0.031,,1,0.056,5,0
ENSG00000225872,LINC01529,19,-0.133,1,1.51,0.549,4.086573365620574,,-0.056,chr19_35797693_G_C_b38,0,0.133,8,0
ENSG00000227449,FGF7P6,9,-0.09,1,1.22,1.726,4.771138992816342,,-0.005,chr9_62810149_C_T_b38,0,0.09,7,0
ENSG00000230724,LINC01001,11,-0.056,1,2.07,0.649,4.093736784562339,,-0.079,,1,0.056,5,0
ENSG00000231160,KLF3-AS1,4,-0.093,1,2.02,0.434,4.717529043066111,,-0.126,chr4_38617068_A_G_b38,0,0.093,7,0
ENSG00000232388,SMIM26,20,-0.049,1,3.92,0.24,3.345765693114488,0.35875,0.056,,1,0.049,5,0
ENSG00000232677,LINC00665,19,-0.068,1,3.7,0.185,4.2707254067824545,0.468941,-0.105,,1,0.068,6,0
ENSG00000233930,KRTAP5-AS1,11,-0.503,1,1.64,0.876,4.444544415739532,,0.374,chr11_1599137_G_A_b38,0,0.503,9,0
ENSG00000234177,LINC01114,2,-0.231,1,1.72,0.461,4.044618145823885,0.538826,0.016,,0,0.231,9,0
ENSG00000234616,JRK,8,-0.052,1,4.84,0.224,4.389325591817493,,-0.065,,1,0.052,5,0
ENSG00000235652,AL356599.1,6,-0.093,1,3.22,0.265,4.940401919672909,,0.029,,0,0.093,7,0
ENSG00000235944,ZNF815P,7,-0.144,1,2.3,0.43,4.494238104158476,,0.139,,0,0.144,8,0
ENSG00000236104,ZBTB22,6,-0.084,1,4.1,0.204,3.5486350598147514,0.213706,-0.074,,1,0.084,7,0
ENSG00000237190,CDKN2AIPNL,5,-0.055,1,4.06,0.272,3.991757539534348,0.314635,-0.071,chr5_134410424_C_T_b38,1,0.055,5,0
ENSG00000237289,CKMT1B,15,-0.067,1,6.07,0.572,4.073645045513152,,-0.082,chr15_43599228_C_G_b38,1,0.067,6,0
ENSG00000237438,CECR7,22,-0.315,1,1.75,0.762,4.38481918395196,,0.125,,0,0.315,9,0
ENSG00000237440,ZNF737,19,-0.103,1,2.67,0.321,4.476904053173798,0.303529,-0.059,,0,0.103,8,0
ENSG00000237651,C2orf74,2,-0.789,1,4.08,0.393,4.295830894958585,0.877684,-0.766,chr2_61145163_C_G_b38,0,0.789,9,0
ENSG00000239883,PARGP1,10,-0.088,1,1.38,0.459,5.0721101360053416,,-0.132,,0,0.088,7,0
ENSG00000240024,LINC00888,3,-0.203,1,3.03,0.262,3.9245893856694183,,-0.229,,0,0.203,9,0
ENSG00000240053,LY6G5B,6,-0.137,1,2.8,0.606,3.5575072019056577,0.207254,0.006,,0,0.137,8,0
ENSG00000240370,RPL13P5,12,-0.184,1,2.34,0.305,4.055110637854146,,-0.216,,0,0.184,9,0
ENSG00000241258,CRCP,7,-0.105,1,4.9,0.177,4.601679817305896,0.252094,-0.042,,0,0.105,8,0
ENSG00000243302,AC018638.4,7,-0.141,1,2.13,0.507,3.060697840353612,,-0.127,,0,0.141,8,0
ENSG00000243667,WDR92,2,-0.142,1,2.9,0.235,4.539389782072505,0.154978,-0.126,,0,0.142,8,0
ENSG00000243678,NME2,17,-0.134,1,6.15,0.219,3.800235789327354,0.378984,0.037,chr17_51166443_A_T_b38,0,0.134,8,0
ENSG00000243701,DUBR,3,-0.068,1,2.29,0.349,4.935874900168316,0.123317,-0.069,,1,0.068,6,0
ENSG00000243708,PLA2G4B,15,-0.165,1,3.55,0.613,4.015904377895553,0.459174,-0.158,,0,0.165,9,0
ENSG00000243725,TTC4,1,-0.101,1,4.24,0.204,4.428717783203831,0.041127,-0.068,,0,0.101,8,0
ENSG00000243753,HLA-L,6,-0.129,1,2.08,0.467,4.524149367558361,,-0.152,,0,0.129,8,0
ENSG00000243789,JMJD7,15,-0.325,1,2.27,0.41,3.977586438003851,,0.121,,0,0.325,9,0
ENSG00000244041,LINC01011,6,-0.059,1,2.16,0.291,3.5060989599284405,0.308945,-0.036,,1,0.059,6,0
ENSG00000244560,AC004890.2,7,-0.105,1,2.82,0.58,4.080337823247567,,-0.125,,0,0.105,8,0
ENSG00000245958,AC093752.1,4,-0.488,1,3.15,0.347,4.987822618535767,,-0.5,,0,0.488,9,0
ENSG00000247271,ZBED5-AS1,11,-0.096,1,1.86,0.351,4.686135559106637,,0.028,,0,0.096,7,0
ENSG00000247400,DNAJC3-AS1,13,-0.166,1,2.18,0.35,4.450141291342469,0.19759,-0.09,,0,0.166,9,0
ENSG00000248019,FAM13A-AS1,4,-0.138,1,2.67,0.427,4.307816826662431,,0.08,,0,0.138,8,0
ENSG00000248049,UBA6-AS1,4,-0.047,1,2.77,0.265,5.579409713895288,,-0.015,,1,0.047,5,0
ENSG00000248124,RRN3P1,16,-0.162,1,2.87,0.382,4.385695625410561,,0.199,chr16_21820358_CA_C_b38,0,0.162,9,0
ENSG00000248441,LINC01197,15,-0.082,1,1.57,0.442,5.071996086634827,0.156987,-0.073,,1,0.082,7,0
ENSG00000249087,ZNF436-AS1,1,-0.095,1,2.86,0.383,3.4537768596904423,,-0.118,,0,0.095,7,0
ENSG00000249839,AC011330.1,15,-0.092,1,0.18,1.822,4.315676520348013,,0.233,,0,0.092,7,0
ENSG00000250462,LRRC37BP1,17,-0.128,1,3.73,0.186,3.891370174696148,,0.273,,0,0.128,8,0
ENSG00000250686,AL049544.1,6,-0.103,1,0.79,0.682,4.706009022739084,,-0.058,,0,0.103,8,0
ENSG00000254004,ZNF260,19,-0.183,1,3.78,0.248,4.254451395345017,0.180313,-0.106,,0,0.183,9,0
ENSG00000254685,FPGT,1,-0.239,1,2.34,0.348,4.554791909742049,0.263188,-0.24,,0,0.239,9,0
ENSG00000256043,CTSO,4,-0.096,1,3.16,0.559,4.474216264076255,,-0.093,chr4_155953681_G_A_b38,0,0.096,7,0
ENSG00000256053,APOPT1,14,-0.135,1,3.96,0.191,4.648964674299241,0.248981,-0.201,chr14_103576238_G_A_b38,0,0.135,8,0
ENSG00000256073,URB1-AS1,21,-0.05,1,1.51,0.326,2.919601023784111,,0.088,,1,0.05,5,0
ENSG00000256806,C17orf100,17,-0.102,1,1.79,0.342,4.617891094427355,0.394557,-0.23,,0,0.102,8,0
ENSG00000257337,AC068888.1,12,-0.1,1,3.34,0.436,4.600352031418173,,-0.089,,0,0.1,8,0
ENSG00000259295,CSPG4P12,15,-0.071,1,3.45,0.44,4.351564415204105,,-0.051,chr15_85185951_C_A_b38,1,0.071,6,0
ENSG00000259820,AC083843.2,8,-0.114,1,1.13,0.599,3.796088428680669,,0.166,,0,0.114,8,0
ENSG00000259959,AC107068.1,4,-0.193,1,2.59,0.264,3.625106575403468,0.342616,0.26,chr4_47914329_C_G_b38,0,0.193,9,0
ENSG00000259972,AC009120.2,16,-0.058,1,2.82,0.395,4.480294460003006,,-0.146,chr16_73989655_T_C_b38,1,0.058,6,0
ENSG00000260230,FRRS1L,9,-0.061,1,6.79,0.363,4.568189986219674,,-0.059,,1,0.061,6,0
ENSG00000260236,AC099778.1,3,-0.057,1,1.56,0.331,3.281260687055013,,-0.138,,1,0.057,6,0
ENSG00000260244,AC104083.1,4,-0.056,1,3.59,0.346,3.417471693203293,,-0.052,,1,0.056,5,0
ENSG00000260418,AL023284.4,6,-0.102,1,1.49,0.488,2.5728716022004803,,-0.091,,0,0.102,8,0
ENSG00000260804,LINC01963,2,-0.15,1,5.16,0.291,3.498034723687027,0.41703,-0.17,,0,0.15,8,0
ENSG00000260838,AC022893.2,8,-0.077,1,1.82,0.548,3.5179872030250783,0.193172,0.016,,1,0.077,7,0
ENSG00000261098,AP000766.1,11,-0.153,1,2.83,0.271,3.617000341120899,,0.015,,0,0.153,9,0
ENSG00000261188,Z95115.1,22,-0.051,1,2.23,0.33,3.307923703611882,,-0.122,chr22_26513004_G_A_b38,1,0.051,5,0
ENSG00000261340,LINC01616,11,-0.063,1,1.72,0.451,3.357934847000454,,0.052,,1,0.063,6,0
ENSG00000261342,AC006538.1,19,-0.09,1,2.52,0.474,3.2000292665537704,,-0.158,,0,0.09,7,0
ENSG00000261455,LINC01003,7,-0.295,1,1.98,0.469,3.246498580795801,0.454491,-0.322,,0,0.295,9,0
ENSG00000261613,AC093525.6,16,-0.168,1,3.5,0.38,3.3012470886362113,,0.054,,0,0.168,9,0
ENSG00000262943,ALOX12P2,17,-0.051,1,2.01,0.427,5.001071384754159,,-0.073,chr17_6853775_G_A_b38,1,0.051,5,0
ENSG00000263001,GTF2I,7,-0.079,1,7.27,0.219,5.012946838604286,,-0.096,chr7_74720592_C_T_b38,1,0.079,7,0
ENSG00000263753,LINC00667,18,-0.158,1,4.51,0.218,3.9386698010226793,0.470465,0.036,chr18_5237824_G_A_b38,0,0.158,9,0
ENSG00000264247,LINC00909,18,-0.048,1,2.68,0.251,3.8283376000590046,0.432454,-0.171,,1,0.048,5,0
ENSG00000264538,SUZ12P1,17,-0.339,1,3.84,0.318,4.911743377855932,,-0.372,chr17_30582213_G_A_b38,0,0.339,9,0
ENSG00000267127,AC090360.1,18,-0.199,1,1.57,0.475,4.797565280257441,0.334612,0.005,,0,0.199,9,0
ENSG00000267322,SNHG22,18,-0.079,1,3.01,0.379,4.568635801546313,,-0.07,,1,0.079,7,0
ENSG00000268043,NBPF12,1,-0.149,1,5.0,0.344,4.759358063384766,,-0.183,,0,0.149,8,0
ENSG00000269945,AC004817.4,14,-0.119,1,2.22,0.575,3.5593080109070123,0.22869,-0.017,,0,0.119,8,0
ENSG00000270015,AC087481.3,15,-0.106,1,2.86,0.346,3.2773799746672547,,0.182,,0,0.106,8,0
ENSG00000270021,AC026691.1,5,-0.301,1,1.53,0.605,3.3047058982127653,,-0.261,chr5_135406545_C_T_b38,0,0.301,9,0
ENSG00000270231,NBPF8,1,-0.084,1,3.72,0.387,4.496749807394558,,0.112,,1,0.084,7,0
ENSG00000270607,AC009549.1,11,-0.1,1,2.33,0.443,3.2268575702887237,,-0.027,,0,0.1,8,0
ENSG00000271122,AC018647.2,7,-0.093,1,2.69,0.267,3.6232492903979,,0.003,,0,0.093,7,0
ENSG00000271303,SRXN1,20,-0.141,1,4.98,0.262,3.829689640898971,0.172831,-0.036,chr20_651860_G_A_b38,0,0.141,8,0
ENSG00000271474,AC106881.1,4,-0.051,1,1.75,0.5,3.522313795156667,,-0.022,,1,0.051,5,0
ENSG00000272047,GTF2H5,6,-0.179,1,4.93,0.248,4.491263616264669,0.434559,-0.08,,0,0.179,9,0
ENSG00000272578,AP000347.1,22,-0.066,1,3.27,0.452,4.772783632470863,,-0.05,chr22_23658341_G_T_b38,1,0.066,6,0
ENSG00000272899,AC025594.2,7,-0.074,1,2.91,0.384,3.758684849882441,0.20743,-0.055,chr7_128866181_TGG_T_b38,1,0.074,7,0
ENSG00000273899,NOL12,22,-0.065,1,3.83,0.239,4.072102778885176,,-0.071,,1,0.065,6,0
ENSG00000274425,AC114271.1,19,-0.088,1,1.59,0.49,3.449169732165201,,-0.119,chr19_10334150_G_A_b38,0,0.088,7,0
ENSG00000274512,TBC1D3L,17,-0.287,1,3.39,1.343,4.044422155711843,0.064821,-0.046,chr17_38255522_A_G_b38,0,0.287,9,0
ENSG00000274627,AC092123.2,16,-0.445,1,3.08,0.443,3.734079407280594,,-0.453,,0,0.445,9,0
ENSG00000275383,AC126773.4,16,-0.072,1,1.78,0.408,3.483301952358167,,0.035,,1,0.072,6,0
ENSG00000275620,FLJ16779,20,-0.09,1,2.85,0.808,3.882979654037299,,-0.233,chr20_63252006_C_T_b38,0,0.09,7,0
ENSG00000276141,WHAMMP3,15,-0.141,1,2.29,0.25,4.3395508108256715,,-0.13,,0,0.141,8,0
ENSG00000276449,AC004076.2,19,-0.153,1,1.63,0.378,3.521530341278711,,0.202,chr19_57449421_A_T_b38,0,0.153,9,0
ENSG00000276791,AC092117.1,16,-0.386,1,1.54,0.665,3.5118833609788744,0.647104,-0.384,,0,0.386,9,0
ENSG00000277149,TYW1B,7,-0.088,1,1.88,0.474,5.43048624676397,0.145535,0.0,chr7_72738190_T_C_b38,0,0.088,7,0
ENSG00000277758,FO681492.1,10,-0.107,1,2.6,0.48,4.104794286486278,0.13849,-0.177,,0,0.107,8,0
ENSG00000278175,GLIDR,9,-0.066,1,1.81,0.37,4.7894678937505155,,-0.07,,1,0.066,6,0
ENSG00000278318,ZNF229,19,-0.054,1,1.92,0.391,4.49220145139254,0.215824,-0.05,,1,0.054,5,0
ENSG00000278376,AP004609.3,11,-0.117,1,1.53,0.432,3.2750808984568587,0.544731,-0.434,,0,0.117,8,0
ENSG00000278983,AC048380.2,18,-0.061,1,1.49,0.693,3.5499836111596887,,0.165,,1,0.061,6,0
ENSG00000279207,AC015813.6,17,-0.139,1,3.4,0.459,3.7640266076920375,,-0.179,,0,0.139,8,0
ENSG00000279457,FO538757.1,1,-0.068,1,2.78,0.443,4.008387230114159,,-0.044,,1,0.068,6,0
ENSG00000279495,AL928654.5,14,-0.081,1,2.13,0.361,3.3981136917305026,,0.018,,1,0.081,7,0
ENSG00000279722,AC007342.7,16,-0.093,1,1.94,0.271,3.368658712392227,,-0.103,,0,0.093,7,0
ENSG00000280047,AC091825.1,5,-0.087,1,2.31,0.371,3.4184670209466006,,-0.201,,0,0.087,7,0
ENSG00000280649,AC245100.8,1,-0.058,1,1.52,0.41,3.024485667699167,,-0.02,,1,0.058,6,0
ENSG00000281160,AC018358.1,3,-0.174,1,1.24,0.758,3.14674801363064,,-0.169,,0,0.174,9,0
ENSG00000283886,BX664615.2,9,-0.142,1,2.22,0.722,4.763158347778887,,-0.167,chr9_40275684_A_G_b38,0,0.142,8,0
